"","PARENT","PRVIDE_1","SPCHOR","SHOP","ACTIVITIES","COOK","DISHES","CLEAN","LAUNDRY","HOMEFIX","HOMEWORK","SSHOP","SACTIVITIES","SCOOK","SDISHES","SCLEAN","SLAUNDRY","SHOMEFIX","SHOMEWORK","RESPAR","OVERALL"
"1","dad",4,"strongly agree/agree",1.5,1.5,4,1.5,4,1.5,1.5,0,1.5,1.5,4,4,1.5,4,1.5,1.5,"strongly agree/agree","strongly agree/agree"
"2","dad",3,"neither agree nor disagree",1.5,1.5,1.5,1.5,1.5,1.5,4,4,4,4,8,4,4,4,0,1.5,"strongly disagree/disagree","strongly agree/agree"
"3","mom",2,"strongly agree/agree",4,1.5,4,4,4,4,1.5,1.5,0,0,0,1.5,0,1.5,1.5,1.5,"neither agree nor disagree","strongly agree/agree"
"4","dad",6,"strongly agree/agree",1.5,1.5,1.5,1.5,1.5,1.5,1.5,0,1.5,4,4,1.5,1.5,0,0,0,"strongly agree/agree","strongly agree/agree"
"5","mom",3,"strongly agree/agree",1.5,4,8,1.5,1.5,0,0,0,1.5,4,8,1.5,1.5,1.5,1.5,0,"strongly agree/agree","strongly agree/agree"
"6","dad",4,"strongly agree/agree",1.5,1.5,1.5,1.5,4,1.5,1.5,1.5,1.5,4,4,1.5,1.5,1.5,0,1.5,"strongly agree/agree","strongly agree/agree"
"7","mom",2,"strongly agree/agree",1.5,1.5,1.5,1.5,1.5,1.5,1.5,1.5,1.5,1.5,1.5,1.5,1.5,1.5,1.5,1.5,"strongly disagree/disagree","strongly agree/agree"
"8","dad",6,"strongly agree/agree",1.5,4,4,4,1.5,0,1.5,4,1.5,0,0,0,1.5,1.5,0,0,"strongly disagree/disagree","strongly agree/agree"
"9","dad",4,"strongly agree/agree",1.5,0,4,4,4,1.5,4,0,4,0,8,4,4,4,4,0,"strongly agree/agree","strongly agree/agree"
"10","dad",4,"strongly agree/agree",1.5,4,4,1.5,1.5,1.5,1.5,1.5,4,4,4,4,4,4,1.5,4,"strongly agree/agree","strongly agree/agree"
"11","mom",1,"strongly agree/agree",8,4,8,1.5,4,8,4,1.5,0,1.5,0,1.5,0,1.5,1.5,1.5,"strongly agree/agree","strongly agree/agree"
"12","dad",4,"strongly agree/agree",0,1.5,0,1.5,0,1.5,4,1.5,4,1.5,8,4,13,13,18,4,"strongly agree/agree","strongly agree/agree"
"13","dad",4,"strongly agree/agree",1.5,1.5,1.5,4,1.5,1.5,4,1.5,1.5,8,8,1.5,1.5,8,0,1.5,"strongly agree/agree","strongly agree/agree"
"14","dad",3,"strongly agree/agree",1.5,4,8,4,4,4,1.5,1.5,4,1.5,8,4,4,4,0,1.5,"strongly agree/agree","strongly agree/agree"
"15","mom",6,"strongly agree/agree",1.5,1.5,4,4,1.5,1.5,1.5,0,1.5,1.5,4,1.5,1.5,4,1.5,1.5,"strongly agree/agree","strongly agree/agree"
"16","dad",5,"strongly agree/agree",1.5,1.5,0,0,0,0,0,1.5,4,4,13,4,4,1.5,4,8,"strongly agree/agree","strongly agree/agree"
"17","dad",5,"strongly agree/agree",1.5,1.5,0,1.5,0,0,4,1.5,NA,1.5,8,1.5,1.5,4,0,1.5,"strongly agree/agree","strongly agree/agree"
"18","mom",2,"neither agree nor disagree",4,1.5,8,4,4,4,1.5,1.5,1.5,NA,0,1.5,0,1.5,4,1.5,"neither agree nor disagree","strongly agree/agree"
"19","dad",4,"strongly agree/agree",1.5,4,4,4,1.5,1.5,4,4,4,4,8,4,4,8,0,8,"neither agree nor disagree","strongly agree/agree"
"20","dad",4,"strongly agree/agree",4,1.5,4,1.5,1.5,1.5,4,1.5,1.5,1.5,4,4,4,4,4,1.5,"strongly agree/agree","strongly agree/agree"
"21","mom",2,"strongly agree/agree",1.5,1.5,4,1.5,1.5,4,1.5,0,1.5,1.5,4,1.5,1.5,0,1.5,1.5,"strongly agree/agree","strongly agree/agree"
"22","dad",4,"strongly agree/agree",1.5,1.5,1.5,1.5,1.5,1.5,1.5,0,4,0,4,1.5,1.5,4,0,1.5,"strongly agree/agree","neither agree nor disagree"
"23","dad",3,"strongly agree/agree",1.5,4,8,4,1.5,1.5,1.5,1.5,4,4,8,4,4,4,1.5,1.5,"neither agree nor disagree","strongly agree/agree"
"24","mom",3,"strongly agree/agree",4,1.5,8,NA,1.5,1.5,1.5,0,0,0,0,0,0,0,0,0,"strongly agree/agree","strongly agree/agree"
"25","dad",4,"strongly agree/agree",1.5,1.5,1.5,1.5,0,0,4,1.5,4,8,13,1.5,4,8,1.5,8,"strongly agree/agree","strongly agree/agree"
"26","dad",5,"strongly agree/agree",1.5,1.5,0,1.5,4,0,4,0,4,1.5,8,1.5,4,8,1.5,0,"strongly agree/agree","strongly agree/agree"
"27","dad",3,"strongly agree/agree",1.5,1.5,4,4,1.5,1.5,1.5,1.5,1.5,1.5,4,4,4,4,0,0,"strongly disagree/disagree","strongly agree/agree"
"28","mom",3,"strongly agree/agree",4,1.5,4,1.5,4,4,4,1.5,1.5,4,1.5,1.5,0,1.5,4,4,"strongly agree/agree","strongly agree/agree"
"29","dad",3,"neither agree nor disagree",1.5,1.5,4,0,8,0,13,1.5,4,8,8,13,4,13,0,0,"neither agree nor disagree","strongly agree/agree"
"30","mom",3,"strongly agree/agree",4,4,4,4,1.5,8,1.5,1.5,0,0,0,0,0,0,1.5,0,"strongly disagree/disagree","strongly disagree/disagree"
"31","dad",4,"strongly agree/agree",4,1.5,4,1.5,1.5,1.5,8,1.5,4,4,4,4,4,8,4,1.5,"strongly agree/agree","strongly agree/agree"
"32","mom",2,"strongly agree/agree",1.5,4,8,4,4,8,1.5,1.5,1.5,0,1.5,1.5,0,1.5,4,1.5,"strongly agree/agree","strongly agree/agree"
"33","dad",4,"strongly agree/agree",0,0,4,1.5,4,0,4,0,4,1.5,1.5,1.5,1.5,4,0,1.5,"strongly agree/agree","neither agree nor disagree"
"34","dad",3,"strongly agree/agree",1.5,8,1.5,1.5,1.5,1.5,4,1.5,1.5,13,8,1.5,4,4,1.5,8,"strongly agree/agree","strongly agree/agree"
"35","dad",4,"strongly agree/agree",0,1.5,0,4,1.5,4,4,8,4,1.5,4,4,4,0,0,8,"strongly agree/agree","strongly agree/agree"
"36","mom",3,"strongly agree/agree",1.5,1.5,1.5,1.5,1.5,1.5,0,13,0,0,0,1.5,1.5,4,4,1.5,"strongly agree/agree","strongly agree/agree"
"37","dad",4,"strongly agree/agree",1.5,1.5,1.5,1.5,4,0,4,1.5,4,1.5,4,1.5,1.5,4,1.5,1.5,"strongly agree/agree","strongly agree/agree"
"38","dad",4,"strongly disagree/disagree",1.5,0,0,1.5,0,0,4,0,4,0,1.5,1.5,4,4,0,4,"strongly agree/agree","strongly agree/agree"
"39","mom",2,"strongly agree/agree",1.5,0,1.5,1.5,1.5,1.5,1.5,0,0,0,0,0,0,0,4,0,"strongly agree/agree","strongly agree/agree"
"40","dad",4,"strongly agree/agree",1.5,1.5,1.5,1.5,1.5,1.5,4,0,1.5,1.5,4,4,4,4,0,0,"strongly agree/agree","strongly agree/agree"
"41","dad",4,"strongly agree/agree",1.5,1.5,0,4,0,0,4,0,4,0,8,4,4,4,0,0,"strongly disagree/disagree","strongly agree/agree"
"42","dad",4,"strongly agree/agree",1.5,4,4,1.5,1.5,1.5,1.5,8,1.5,4,4,1.5,4,4,1.5,4,"strongly agree/agree","strongly agree/agree"
"43","dad",4,"strongly agree/agree",0,1.5,1.5,1.5,1.5,0,4,1.5,1.5,4,4,4,1.5,4,0,1.5,"strongly agree/agree","neither agree nor disagree"
"44","dad",5,"strongly agree/agree",0,0,4,4,1.5,1.5,0,8,8,4,8,4,1.5,0,0,1.5,"strongly agree/agree","strongly agree/agree"
"45","dad",6,"strongly agree/agree",1.5,13,8,4,1.5,1.5,1.5,8,1.5,13,1.5,4,1.5,8,0,4,"strongly agree/agree","strongly agree/agree"
"46","dad",4,"strongly agree/agree",1.5,1.5,0,1.5,1.5,1.5,1.5,0,4,8,13,4,8,4,0,1.5,"neither agree nor disagree","strongly agree/agree"
"47","dad",4,"strongly agree/agree",0,1.5,1.5,1.5,0,0,1.5,1.5,4,8,8,4,8,8,1.5,8,"neither agree nor disagree","strongly agree/agree"
"48","dad",4,"strongly agree/agree",1.5,4,1.5,1.5,4,4,4,1.5,1.5,4,4,1.5,4,1.5,0,1.5,"strongly agree/agree","strongly agree/agree"
"49","mom",2,"neither agree nor disagree",1.5,8,4,4,1.5,1.5,0,0,0,1.5,0,4,1.5,4,4,0,"strongly agree/agree","strongly agree/agree"
"50","dad",5,"strongly agree/agree",1.5,1.5,8,1.5,1.5,1.5,1.5,1.5,4,1.5,4,1.5,1.5,1.5,1.5,1.5,"strongly agree/agree","strongly agree/agree"
"51","dad",6,"strongly agree/agree",4,4,4,8,4,8,4,1.5,4,1.5,8,1.5,1.5,0,0,1.5,"neither agree nor disagree","strongly disagree/disagree"
"52","mom",3,"strongly agree/agree",1.5,0,4,1.5,4,0,0,0,1.5,1.5,1.5,1.5,0,4,1.5,0,"strongly agree/agree","strongly agree/agree"
"53","dad",NA,"strongly agree/agree",1.5,1.5,1.5,4,4,0,4,1.5,4,4,8,4,8,4,0,4,"strongly agree/agree","strongly agree/agree"
"54","dad",4,"strongly agree/agree",NA,1.5,0,0,1.5,1.5,4,1.5,4,1.5,4,0,1.5,4,0,1.5,"strongly agree/agree","strongly agree/agree"
"55","dad",4,"strongly agree/agree",0,4,1.5,1.5,1.5,0,4,4,4,4,8,4,1.5,4,1.5,4,"strongly agree/agree","strongly agree/agree"
"56","dad",4,"strongly agree/agree",1.5,1.5,0,0,1.5,0,4,0,4,13,18,0,1.5,4,1.5,1.5,"strongly agree/agree","strongly agree/agree"
"57","dad",3,"strongly agree/agree",1.5,4,4,4,4,0,4,4,4,8,8,1.5,1.5,4,1.5,4,"strongly agree/agree","strongly agree/agree"
"58","dad",3,"strongly agree/agree",4,1.5,1.5,4,8,8,8,1.5,4,1.5,1.5,NA,4,4,4,1.5,"neither agree nor disagree","strongly agree/agree"
"59","mom",3,"strongly agree/agree",4,1.5,4,1.5,4,4,1.5,1.5,1.5,1.5,4,4,4,0,1.5,1.5,"strongly agree/agree","strongly agree/agree"
"60","dad",3,"strongly agree/agree",1.5,4,4,4,1.5,1.5,0,1.5,0,4,4,0,4,0,0,1.5,"strongly disagree/disagree","strongly disagree/disagree"
"61","mom",2,"strongly agree/agree",0,4,4,1.5,1.5,0,0,13,1.5,1.5,4,1.5,0,1.5,0,4,"neither agree nor disagree","strongly agree/agree"
"62","dad",4,"strongly agree/agree",1.5,4,0,0,0,1.5,1.5,4,4,4,0,1.5,4,4,4,4,"strongly agree/agree","strongly agree/agree"
"63","dad",4,"strongly agree/agree",1.5,1.5,4,4,4,1.5,4,0,4,4,8,8,8,4,1.5,1.5,"strongly agree/agree","strongly agree/agree"
"64","dad",4,"strongly agree/agree",0,4,0,0,0,0,4,1.5,4,4,4,1.5,1.5,4,1.5,4,"neither agree nor disagree","strongly agree/agree"
"65","mom",6,"strongly agree/agree",1.5,1.5,1.5,1.5,4,4,1.5,1.5,1.5,1.5,1.5,1.5,1.5,0,4,1.5,"strongly agree/agree","strongly agree/agree"
"66","dad",6,"strongly agree/agree",1.5,1.5,1.5,4,1.5,1.5,1.5,4,4,1.5,4,1.5,4,4,1.5,4,"strongly agree/agree","strongly agree/agree"
"67","mom",6,"strongly agree/agree",1.5,4,4,0,1.5,4,1.5,1.5,0,4,0,1.5,1.5,0,1.5,1.5,"strongly agree/agree","strongly agree/agree"
"68","dad",4,"strongly agree/agree",NA,NA,NA,NA,NA,NA,NA,NA,NA,NA,NA,NA,NA,NA,NA,NA,NA,NA
"69","mom",3,NA,4,4,4,8,4,1.5,0,0,NA,NA,NA,NA,NA,NA,NA,NA,NA,NA
"70","dad",3,"strongly agree/agree",1.5,1.5,4,1.5,1.5,1.5,1.5,1.5,4,1.5,1.5,1.5,1.5,1.5,1.5,0,"strongly agree/agree","strongly agree/agree"
"71","mom",NA,"strongly disagree/disagree",1.5,1.5,4,4,4,4,1.5,1.5,1.5,1.5,1.5,4,4,4,1.5,1.5,"strongly agree/agree","strongly agree/agree"
"72","dad",6,"strongly agree/agree",1.5,1.5,4,4,1.5,1.5,1.5,1.5,1.5,1.5,1.5,4,4,1.5,4,1.5,"strongly disagree/disagree","neither agree nor disagree"
"73","mom",2,"strongly agree/agree",1.5,1.5,1.5,4,4,1.5,1.5,1.5,1.5,1.5,1.5,4,1.5,4,1.5,1.5,"neither agree nor disagree","strongly disagree/disagree"
"74","mom",4,"strongly agree/agree",1.5,1.5,1.5,1.5,1.5,1.5,1.5,1.5,1.5,1.5,1.5,1.5,1.5,1.5,1.5,1.5,"strongly agree/agree","strongly agree/agree"
"75","dad",4,"strongly agree/agree",4,1.5,1.5,4,1.5,4,1.5,1.5,4,4,4,0,1.5,1.5,1.5,1.5,"neither agree nor disagree","strongly disagree/disagree"
"76","mom",3,"strongly agree/agree",4,4,8,4,4,4,1.5,4,4,1.5,1.5,8,1.5,1.5,8,4,"strongly agree/agree","strongly agree/agree"
"77","mom",5,"strongly agree/agree",4,4,1.5,1.5,1.5,4,1.5,0,NA,NA,NA,NA,NA,NA,NA,NA,NA,NA
"78","mom",6,"strongly agree/agree",1.5,4,4,1.5,1.5,4,4,0,1.5,4,0,4,0,1.5,1.5,1.5,"strongly disagree/disagree","strongly agree/agree"
"79","mom",6,"strongly agree/agree",1.5,1.5,4,1.5,1.5,4,4,4,NA,NA,NA,NA,NA,NA,NA,NA,NA,NA
"80","dad",NA,"strongly agree/agree",4,0,1.5,0,1.5,1.5,1.5,4,4,0,8,4,4,4,0,4,NA,"strongly agree/agree"
"81","dad",3,"strongly agree/agree",1.5,1.5,4,1.5,1.5,1.5,4,1.5,1.5,4,4,1.5,1.5,1.5,1.5,1.5,"strongly agree/agree","strongly agree/agree"
"82","mom",2,"strongly agree/agree",1.5,4,4,4,1.5,4,1.5,4,4,4,1.5,4,4,4,8,1.5,"strongly agree/agree","strongly agree/agree"
"83","dad",4,"strongly agree/agree",1.5,0,1.5,1.5,0,1.5,13,0,1.5,0,4,4,1.5,1.5,0,0,"neither agree nor disagree","strongly agree/agree"
"84","dad",6,"strongly agree/agree",1.5,1.5,1.5,4,0,4,4,4,4,1.5,4,4,0,1.5,1.5,4,"strongly disagree/disagree","strongly agree/agree"
"85","mom",3,"strongly agree/agree",4,4,4,1.5,1.5,4,1.5,1.5,0,1.5,1.5,1.5,0,4,1.5,1.5,"strongly disagree/disagree","strongly disagree/disagree"
"86","dad",6,"strongly agree/agree",1.5,4,1.5,1.5,1.5,1.5,1.5,1.5,4,4,4,1.5,1.5,1.5,0,1.5,"strongly agree/agree","neither agree nor disagree"
"87","mom",6,"strongly agree/agree",4,4,8,1.5,1.5,8,0,4,0,1.5,0,4,0,0,1.5,1.5,"strongly agree/agree","strongly agree/agree"
"88","mom",2,"strongly agree/agree",4,1.5,8,1.5,8,4,4,0,0,4,0,0,1.5,0,4,0,"strongly disagree/disagree","strongly disagree/disagree"
"89","dad",4,"strongly agree/agree",1.5,1.5,1.5,4,1.5,0,4,1.5,4,1.5,4,1.5,4,4,0,1.5,"strongly agree/agree","strongly agree/agree"
"90","mom",2,"strongly agree/agree",1.5,1.5,8,1.5,8,4,1.5,0,NA,NA,NA,NA,NA,NA,NA,NA,"strongly disagree/disagree","neither agree nor disagree"
"91","dad",4,"strongly agree/agree",1.5,0,1.5,4,1.5,4,4,0,4,0,8,4,4,8,0,0,"strongly agree/agree","strongly agree/agree"
"92","mom",3,"strongly agree/agree",4,0,8,13,13,18,1.5,0,4,0,4,1.5,1.5,1.5,8,0,"strongly agree/agree","strongly agree/agree"
"93","dad",3,"strongly agree/agree",1.5,1.5,1.5,0,1.5,8,1.5,0,1.5,1.5,1.5,1.5,1.5,0,0,0,"strongly agree/agree","strongly agree/agree"
"94","mom",2,"strongly agree/agree",4,4,1.5,1.5,1.5,0,1.5,1.5,4,1.5,1.5,0,1.5,4,4,1.5,"strongly agree/agree","strongly agree/agree"
"95","dad",4,"strongly agree/agree",1.5,1.5,1.5,1.5,1.5,1.5,1.5,1.5,0,1.5,1.5,1.5,0,0,0,4,"strongly agree/agree","strongly agree/agree"
"96","mom",3,"strongly agree/agree",1.5,1.5,4,1.5,1.5,0,0,8,1.5,1.5,4,1.5,1.5,4,4,1.5,"strongly agree/agree","strongly agree/agree"
"97","dad",4,"neither agree nor disagree",1.5,8,1.5,0,1.5,0,1.5,4,1.5,8,13,8,4,8,1.5,8,"strongly agree/agree","strongly agree/agree"
"98","dad",6,"strongly agree/agree",1.5,0,1.5,1.5,1.5,0,1.5,0,1.5,1.5,1.5,1.5,1.5,8,8,1.5,"neither agree nor disagree","strongly disagree/disagree"
"99","mom",2,"strongly agree/agree",4,4,8,4,13,8,8,8,1.5,0,4,1.5,1.5,1.5,8,1.5,"strongly disagree/disagree","strongly agree/agree"
"100","mom",3,"strongly agree/agree",1.5,0,8,1.5,8,4,4,0,1.5,1.5,0,1.5,1.5,0,0,0,"strongly disagree/disagree","strongly disagree/disagree"
"101","dad",4,"neither agree nor disagree",1.5,1.5,0,1.5,1.5,0,18,0,4,4,4,4,13,4,8,1.5,"strongly agree/agree","strongly agree/agree"
"102","mom",2,"strongly agree/agree",4,1.5,8,8,8,4,1.5,1.5,0,0,0,1.5,0,0,4,0,"strongly agree/agree","strongly agree/agree"
"103","dad",6,"strongly agree/agree",8,1.5,13,4,4,0,4,1.5,1.5,1.5,1.5,1.5,8,0,4,1.5,"strongly agree/agree","strongly agree/agree"
"104","mom",3,"strongly agree/agree",1.5,1.5,4,0,1.5,0,1.5,0,4,4,4,1.5,0,1.5,0,0,"strongly agree/agree","strongly agree/agree"
"105","mom",3,"strongly agree/agree",1.5,4,1.5,0,1.5,4,4,1.5,4,1.5,4,0,1.5,1.5,1.5,1.5,"strongly agree/agree","strongly agree/agree"
"106","dad",4,"neither agree nor disagree",0,1.5,1.5,4,4,0,8,1.5,4,4,13,4,8,4,0,1.5,"strongly agree/agree","strongly agree/agree"
"107","mom",5,"strongly agree/agree",1.5,0,8,8,8,8,0,4,NA,NA,NA,NA,NA,NA,NA,NA,NA,NA
"108","mom",5,"strongly agree/agree",8,1.5,4,0,4,4,0,0,NA,NA,NA,NA,NA,NA,NA,NA,NA,NA
"109","mom",3,"strongly agree/agree",1.5,1.5,4,1.5,0,1.5,1.5,1.5,NA,NA,NA,NA,NA,NA,NA,NA,NA,NA
"110","dad",3,"strongly agree/agree",0,1.5,0,1.5,1.5,1.5,1.5,0,1.5,1.5,4,1.5,1.5,1.5,1.5,1.5,"strongly agree/agree","strongly agree/agree"
"111","mom",3,"strongly agree/agree",1.5,8,8,1.5,4,4,1.5,1.5,1.5,8,1.5,1.5,0,1.5,4,0,"strongly agree/agree","strongly agree/agree"
"112","dad",2,"strongly agree/agree",1.5,1.5,4,1.5,1.5,0,1.5,1.5,4,4,1.5,1.5,4,4,4,1.5,"strongly agree/agree","strongly agree/agree"
"113","mom",6,"strongly agree/agree",NA,NA,NA,NA,NA,NA,NA,NA,1.5,4,13,8,4,4,8,4,"strongly agree/agree","strongly agree/agree"
"114","dad",3,"strongly agree/agree",4,4,8,1.5,0,4,8,NA,1.5,8,4,4,8,4,1.5,1.5,"neither agree nor disagree","strongly agree/agree"
"115","dad",5,"strongly agree/agree",1.5,4,0,1.5,1.5,0,1.5,0,1.5,1.5,1.5,1.5,1.5,1.5,0,1.5,NA,NA
"116","dad",4,"strongly agree/agree",1.5,1.5,4,4,4,0,1.5,0,4,1.5,8,1.5,4,4,0,0,"neither agree nor disagree","strongly agree/agree"
"117","mom",3,"strongly agree/agree",1.5,1.5,4,1.5,8,4,4,1.5,0,1.5,1.5,4,4,0,4,1.5,"strongly agree/agree","strongly agree/agree"
"118","dad",4,"neither agree nor disagree",1.5,NA,1.5,1.5,1.5,1.5,1.5,4,8,8,8,4,4,8,0,1.5,"strongly agree/agree","strongly agree/agree"
"119","dad",3,"strongly agree/agree",4,1.5,1.5,1.5,1.5,0,1.5,1.5,1.5,1.5,4,8,1.5,8,0,8,"strongly disagree/disagree","strongly agree/agree"
"120","mom",3,"strongly agree/agree",0,0,1.5,4,1.5,4,0,8,4,1.5,1.5,0,0,0,1.5,1.5,"strongly disagree/disagree","strongly agree/agree"
"121","dad",3,"strongly agree/agree",0,1.5,1.5,4,1.5,1.5,1.5,1.5,4,1.5,8,1.5,1.5,4,4,1.5,"strongly disagree/disagree","neither agree nor disagree"
"122","dad",4,"strongly agree/agree",1.5,0,0,4,1.5,1.5,1.5,0,4,4,4,4,4,4,0,1.5,"strongly agree/agree","strongly agree/agree"
"123","dad",6,"strongly agree/agree",1.5,0,4,4,0,1.5,0,0,4,0,8,0,0,1.5,0,0,"strongly disagree/disagree","strongly disagree/disagree"
"124","dad",4,"strongly agree/agree",1.5,1.5,1.5,0,1.5,0,4,4,4,1.5,8,0,1.5,0,0,8,"strongly agree/agree","strongly agree/agree"
"125","dad",3,"strongly agree/agree",4,4,1.5,8,1.5,4,8,8,4,1.5,13,8,4,8,1.5,0,"strongly agree/agree","strongly agree/agree"
"126","mom",3,"neither agree nor disagree",4,1.5,8,4,1.5,4,4,1.5,1.5,4,0,1.5,0,0,4,1.5,"strongly agree/agree","strongly agree/agree"
"127","dad",4,"strongly agree/agree",1.5,0,0,1.5,0,0,1.5,8,4,1.5,4,4,4,8,0,0,"strongly agree/agree","strongly agree/agree"
"128","dad",NA,NA,4,8,8,8,4,4,1.5,13,NA,NA,NA,NA,NA,NA,NA,NA,NA,NA
"129","mom",NA,"strongly agree/agree",4,1.5,8,4,8,4,8,4,4,4,4,4,1.5,1.5,1.5,4,"strongly agree/agree",NA
"130","mom",5,"strongly agree/agree",1.5,4,4,1.5,4,1.5,4,8,NA,NA,NA,NA,NA,NA,NA,NA,NA,NA
"131","dad",4,"strongly agree/agree",1.5,1.5,1.5,0,0,1.5,1.5,1.5,1.5,1.5,4,1.5,1.5,1.5,1.5,1.5,"strongly agree/agree","strongly agree/agree"
"132","mom",5,"strongly agree/agree",4,4,8,4,4,4,1.5,8,NA,NA,NA,NA,NA,NA,NA,NA,"strongly disagree/disagree","strongly disagree/disagree"
"133","mom",5,"strongly agree/agree",1.5,0,13,4,0,1.5,1.5,0,NA,NA,NA,NA,NA,NA,NA,NA,"strongly disagree/disagree","strongly disagree/disagree"
"134","dad",4,"strongly agree/agree",1.5,4,0,1.5,0,0,0,0,4,4,8,8,8,4,1.5,8,"strongly agree/agree","strongly agree/agree"
"135","dad",4,"strongly agree/agree",1.5,1.5,1.5,4,1.5,0,1.5,8,4,4,4,1.5,4,4,1.5,4,"strongly agree/agree","strongly agree/agree"
"136","dad",3,"strongly agree/agree",4,1.5,4,1.5,0,1.5,4,0,1.5,1.5,1.5,1.5,0,1.5,0,0,"strongly agree/agree","strongly agree/agree"
"137","mom",3,"strongly agree/agree",1.5,1.5,4,1.5,1.5,4,0,0,4,1.5,1.5,1.5,0,4,4,0,"strongly agree/agree","strongly agree/agree"
"138","dad",NA,"strongly agree/agree",1.5,4,1.5,1.5,1.5,4,1.5,1.5,1.5,1.5,4,1.5,4,1.5,1.5,1.5,"strongly agree/agree","strongly agree/agree"
"139","mom",3,"strongly agree/agree",1.5,1.5,8,1.5,1.5,1.5,1.5,1.5,4,4,1.5,1.5,1.5,4,1.5,1.5,"strongly agree/agree","strongly agree/agree"
"140","dad",4,"neither agree nor disagree",1.5,1.5,4,4,4,1.5,1.5,1.5,4,8,8,4,4,8,1.5,4,"strongly agree/agree","strongly agree/agree"
"141","dad",3,"strongly agree/agree",1.5,4,4,4,1.5,0,4,0,1.5,1.5,4,1.5,1.5,4,0,0,"strongly agree/agree","strongly agree/agree"
"142","mom",3,"strongly agree/agree",1.5,0,8,1.5,0,4,4,0,1.5,4,8,4,0,0,8,0,"strongly agree/agree","strongly agree/agree"
"143","dad",6,"strongly agree/agree",0,NA,1.5,1.5,1.5,1.5,4,1.5,1.5,4,1.5,1.5,4,4,8,1.5,"neither agree nor disagree","neither agree nor disagree"
"144","dad",4,"strongly agree/agree",4,1.5,1.5,0,0,0,NA,0,4,4,4,4,4,4,1.5,13,"strongly agree/agree","strongly agree/agree"
"145","mom",3,"strongly agree/agree",1.5,8,4,1.5,4,4,8,8,1.5,1.5,1.5,0,0,0,8,0,"strongly agree/agree","strongly agree/agree"
"146","mom",5,"strongly agree/agree",4,1.5,4,4,4,4,4,4,NA,NA,NA,NA,NA,NA,NA,NA,"strongly disagree/disagree","strongly disagree/disagree"
"147","dad",4,"strongly agree/agree",1.5,0,4,1.5,4,4,4,0,1.5,0,1.5,0,0,0,1.5,1.5,"strongly agree/agree","strongly agree/agree"
"148","mom",2,"strongly agree/agree",1.5,0,4,1.5,0,0,0,1.5,1.5,0,1.5,1.5,4,4,1.5,0,"strongly agree/agree","strongly agree/agree"
"149","dad",4,"strongly agree/agree",1.5,4,1.5,4,4,1.5,1.5,4,1.5,4,4,1.5,1.5,4,0,4,"strongly agree/agree","strongly agree/agree"
"150","dad",3,"strongly agree/agree",1.5,0,8,1.5,0,0,1.5,0,1.5,0,8,1.5,0,1.5,0,1.5,"strongly agree/agree","strongly agree/agree"
"151","mom",5,"strongly agree/agree",1.5,8,4,1.5,8,4,1.5,0,0,0,0,0,0,0,0,0,"neither agree nor disagree","neither agree nor disagree"
"152","dad",4,"strongly agree/agree",1.5,1.5,1.5,1.5,0,0,1.5,1.5,13,4,8,4,4,8,1.5,4,"strongly agree/agree","strongly agree/agree"
"153","mom",2,"strongly agree/agree",8,8,8,1.5,1.5,8,0,1.5,1.5,1.5,4,0,0,0,4,1.5,"strongly agree/agree","strongly agree/agree"
"154","dad",4,"strongly agree/agree",0,0,0,0,0,0,1.5,0,4,4,8,8,0,4,0,0,"strongly agree/agree","strongly agree/agree"
"155","mom",6,"strongly agree/agree",1.5,1.5,4,4,0,4,0,0,1.5,0,0,0,0,0,0,0,"strongly agree/agree","strongly agree/agree"
"156","mom",5,"strongly agree/agree",4,1.5,8,1.5,8,1.5,4,0,NA,NA,NA,NA,NA,NA,NA,NA,NA,NA
"157","dad",4,"strongly agree/agree",0,0,1.5,1.5,1.5,4,18,0,1.5,0,8,4,4,4,0,0,"strongly disagree/disagree","strongly disagree/disagree"
"158","mom",2,"strongly agree/agree",8,0,13,8,8,13,4,0,0,0,1.5,1.5,0,1.5,21,0,"strongly disagree/disagree","neither agree nor disagree"
"159","mom",2,"strongly agree/agree",4,1.5,4,4,4,4,0,4,0,1.5,0,0,0,0,0,0,"strongly disagree/disagree","strongly agree/agree"
"160","dad",4,"strongly agree/agree",1.5,0,8,1.5,1.5,4,1.5,4,NA,NA,NA,NA,NA,NA,NA,NA,"strongly agree/agree","strongly agree/agree"
"161","dad",3,"strongly agree/agree",1.5,4,4,8,8,8,4,13,8,4,8,1.5,1.5,8,0,1.5,"strongly agree/agree","strongly agree/agree"
"162","mom",2,"strongly agree/agree",1.5,1.5,4,1.5,1.5,1.5,0,1.5,0,0,0,0,0,0,1.5,0,"strongly agree/agree","strongly agree/agree"
"163","mom",6,"strongly agree/agree",4,1.5,8,4,4,1.5,4,13,0,0,0,0,0,0,0,0,NA,NA
"164","mom",3,"strongly agree/agree",1.5,1.5,4,1.5,0,0,0,4,NA,NA,NA,NA,NA,NA,NA,NA,NA,NA
"165","mom",3,"strongly agree/agree",4,1.5,4,1.5,1.5,1.5,1.5,0,0,0,0,0,0,0,0,0,NA,NA
"166","dad",3,"strongly agree/agree",1.5,4,4,4,4,1.5,13,4,4,4,8,4,8,8,0,8,"strongly agree/agree","strongly agree/agree"
"167","mom",3,"strongly agree/agree",1.5,1.5,8,4,4,18,0,4,1.5,4,1.5,0,1.5,4,4,4,"neither agree nor disagree","neither agree nor disagree"
"168","dad",4,"strongly agree/agree",1.5,1.5,4,1.5,4,0,4,4,4,1.5,13,1.5,13,8,0,1.5,"strongly agree/agree","strongly agree/agree"
"169","mom",3,"strongly agree/agree",1.5,1.5,8,4,1.5,1.5,1.5,1.5,1.5,1.5,1.5,1.5,1.5,0,1.5,1.5,"strongly agree/agree","strongly agree/agree"
"170","dad",3,"strongly agree/agree",1.5,4,4,4,8,4,1.5,1.5,NA,NA,NA,NA,NA,NA,NA,NA,NA,NA
"171","dad",3,"strongly agree/agree",4,4,8,1.5,8,4,1.5,1.5,0,1.5,1.5,4,13,4,4,4,"strongly agree/agree","strongly agree/agree"
"172","mom",2,"strongly agree/agree",4,4,8,8,8,4,4,8,4,4,8,1.5,8,4,4,8,"strongly agree/agree","strongly agree/agree"
"173","mom",3,"strongly agree/agree",1.5,4,4,1.5,4,4,1.5,1.5,0,1.5,1.5,1.5,0,1.5,1.5,1.5,"strongly agree/agree","strongly agree/agree"
"174","mom",4,"strongly agree/agree",1.5,1.5,4,4,4,4,1.5,4,NA,NA,NA,NA,NA,NA,NA,NA,NA,NA
"175","dad",4,"strongly agree/agree",1.5,1.5,1.5,1.5,1.5,1.5,1.5,0,4,4,8,8,8,8,8,4,"strongly agree/agree","strongly agree/agree"
"176","dad",4,"neither agree nor disagree",0,1.5,1.5,4,0,0,0,1.5,4,1.5,4,1.5,1.5,1.5,1.5,1.5,"strongly agree/agree","strongly agree/agree"
"177","mom",3,"strongly agree/agree",1.5,1.5,4,1.5,1.5,1.5,1.5,1.5,0,0,1.5,1.5,0,0,0,1.5,"strongly agree/agree","strongly agree/agree"
"178","dad",NA,"strongly agree/agree",1.5,1.5,1.5,0,1.5,1.5,4,4,4,1.5,4,4,1.5,1.5,1.5,1.5,"strongly agree/agree","strongly agree/agree"
"179","mom",3,"strongly agree/agree",1.5,1.5,8,1.5,4,4,1.5,4,0,4,1.5,4,1.5,1.5,8,4,"strongly agree/agree","strongly agree/agree"
"180","mom",NA,"strongly agree/agree",4,4,4,1.5,1.5,1.5,1.5,0,1.5,1.5,4,1.5,0,1.5,1.5,0,"strongly agree/agree","strongly agree/agree"
"181","dad",5,"strongly agree/agree",1.5,1.5,4,8,8,8,1.5,0,1.5,4,8,8,8,4,1.5,0,"strongly agree/agree","strongly agree/agree"
"182","dad",3,"strongly agree/agree",1.5,4,8,1.5,8,8,4,4,1.5,1.5,1.5,1.5,4,4,0,1.5,"neither agree nor disagree","strongly agree/agree"
"183","mom",3,"strongly agree/agree",1.5,4,4,0,8,8,1.5,8,1.5,4,4,0,1.5,0,8,1.5,"neither agree nor disagree","strongly agree/agree"
"184","dad",3,"strongly agree/agree",1.5,1.5,1.5,1.5,1.5,1.5,4,4,1.5,8,4,1.5,1.5,1.5,1.5,4,"strongly agree/agree","strongly agree/agree"
"185","mom",2,"strongly agree/agree",1.5,4,8,4,4,1.5,1.5,4,1.5,1.5,0,1.5,0,0,1.5,1.5,"strongly agree/agree","strongly agree/agree"
"186","mom",4,"strongly agree/agree",1.5,4,1.5,1.5,4,4,1.5,4,NA,NA,NA,NA,NA,NA,NA,NA,NA,NA
"187","dad",4,"strongly agree/agree",1.5,4,1.5,4,4,1.5,4,8,8,4,4,4,1.5,8,0,1.5,"strongly agree/agree","strongly agree/agree"
"188","mom",5,"strongly agree/agree",4,8,4,4,4,4,8,1.5,NA,NA,NA,NA,NA,NA,NA,NA,NA,NA
"189","mom",5,"strongly agree/agree",4,1.5,4,4,1.5,4,1.5,0,NA,NA,NA,NA,NA,NA,NA,NA,NA,NA
"190","dad",4,"strongly agree/agree",0,1.5,1.5,1.5,1.5,0,0,1.5,8,1.5,4,1.5,4,4,1.5,1.5,"strongly agree/agree","strongly agree/agree"
"191","mom",2,"strongly agree/agree",4,1.5,13,1.5,1.5,1.5,1.5,1.5,0,1.5,0,1.5,0,0,0,1.5,"strongly disagree/disagree","strongly agree/agree"
"192","mom",6,"neither agree nor disagree",4,1.5,8,1.5,1.5,1.5,1.5,1.5,0,1.5,0,4,1.5,4,4,1.5,"strongly agree/agree","strongly agree/agree"
"193","mom",5,"strongly agree/agree",1.5,4,4,4,4,4,NA,1.5,NA,NA,NA,NA,NA,NA,NA,NA,NA,NA
"194","dad",2,"strongly agree/agree",8,4,4,4,1.5,0,4,1.5,4,8,8,4,1.5,8,1.5,4,"strongly disagree/disagree","strongly agree/agree"
"195","mom",3,"strongly agree/agree",4,1.5,13,1.5,1.5,4,1.5,4,4,0,0,0,0,0,1.5,0,"strongly disagree/disagree","strongly agree/agree"
"196","mom",NA,"strongly agree/agree",4,4,4,4,0,8,1.5,4,0,1.5,0,0,0,0,0,1.5,"strongly disagree/disagree","neither agree nor disagree"
"197","dad",4,"strongly agree/agree",1.5,4,8,1.5,1.5,1.5,1.5,8,0,1.5,1.5,1.5,4,4,4,0,"strongly agree/agree","strongly disagree/disagree"
"198","mom",2,"strongly agree/agree",4,4,13,8,8,8,8,1.5,1.5,1.5,1.5,1.5,1.5,1.5,1.5,4,"strongly disagree/disagree","neither agree nor disagree"
"199","mom",5,"strongly agree/agree",4,8,8,4,4,1.5,1.5,0,NA,NA,NA,NA,NA,NA,NA,NA,NA,NA
"200","dad",4,"strongly agree/agree",0,1.5,0,0,0,0,1.5,1.5,4,1.5,8,4,1.5,4,1.5,1.5,"strongly agree/agree","strongly agree/agree"
"201","mom",2,"strongly agree/agree",1.5,1.5,8,4,1.5,4,1.5,1.5,1.5,1.5,0,1.5,0,0,1.5,0,"strongly agree/agree","strongly agree/agree"
"202","mom",3,"strongly agree/agree",4,8,4,1.5,1.5,1.5,1.5,0,0,0,0,0,0,0,0,0,"strongly disagree/disagree","strongly disagree/disagree"
"203","dad",4,"strongly agree/agree",0,4,0,1.5,1.5,0,1.5,0,1.5,1.5,4,1.5,4,4,0,1.5,"strongly agree/agree","strongly agree/agree"
"204","dad",3,"strongly agree/agree",1.5,1.5,8,1.5,1.5,0,4,1.5,1.5,1.5,1.5,4,4,4,0,1.5,"strongly agree/agree","strongly agree/agree"
"205","mom",3,"strongly agree/agree",1.5,1.5,1.5,1.5,4,1.5,1.5,4,1.5,1.5,8,1.5,1.5,0,1.5,1.5,"strongly agree/agree","strongly agree/agree"
"206","dad",4,"strongly agree/agree",4,4,13,8,4,0,1.5,1.5,1.5,1.5,0,0,4,4,1.5,1.5,"strongly agree/agree","strongly agree/agree"
"207","mom",2,"strongly agree/agree",1.5,4,1.5,0,4,4,4,4,4,4,8,1.5,1.5,0,1.5,0,"strongly disagree/disagree","strongly disagree/disagree"
"208","dad",3,"strongly agree/agree",0,0,0,4,1.5,1.5,4,0,4,4,8,4,4,4,1.5,8,"strongly agree/agree","strongly agree/agree"
"209","mom",2,"strongly agree/agree",8,13,18,8,4,8,0,4,4,0,13,0,0,1.5,21,1.5,"neither agree nor disagree","strongly agree/agree"
"210","dad",5,"strongly agree/agree",1.5,8,0,1.5,1.5,0,8,0,4,13,13,8,4,8,0,8,"strongly agree/agree","strongly agree/agree"
"211","mom",2,"strongly agree/agree",1.5,1.5,4,1.5,4,1.5,1.5,1.5,1.5,4,1.5,1.5,1.5,1.5,0,4,"strongly agree/agree","strongly agree/agree"
"212","dad",4,"strongly agree/agree",1.5,4,4,4,4,4,8,13,4,8,4,4,13,13,8,13,"strongly agree/agree","strongly agree/agree"
"213","mom",1,"strongly agree/agree",1.5,1.5,13,4,13,8,4,1.5,1.5,1.5,0,1.5,1.5,0,1.5,0,"strongly disagree/disagree","strongly agree/agree"
"214","dad",4,"strongly agree/agree",1.5,13,1.5,1.5,4,4,4,4,1.5,13,1.5,1.5,4,4,4,4,"strongly agree/agree","strongly agree/agree"
"215","mom",2,"strongly agree/agree",1.5,4,4,0,4,8,1.5,4,1.5,4,4,0,1.5,1.5,1.5,1.5,"strongly disagree/disagree","strongly agree/agree"
"216","dad",3,"strongly agree/agree",4,4,4,4,4,4,4,0,1.5,1.5,4,4,4,4,4,0,"strongly agree/agree","strongly agree/agree"
"217","mom",3,"strongly agree/agree",1.5,1.5,4,8,8,1.5,1.5,1.5,4,4,4,4,4,4,4,1.5,"strongly agree/agree","strongly agree/agree"
"218","dad",6,"strongly agree/agree",1.5,1.5,8,0,0,0,1.5,0,1.5,1.5,0,1.5,0,1.5,0,0,"strongly agree/agree","strongly agree/agree"
"219","mom",6,"strongly agree/agree",4,1.5,1.5,4,4,4,1.5,1.5,4,1.5,8,0,0,0,0,0,"strongly agree/agree","strongly agree/agree"
"220","mom",5,"strongly agree/agree",4,4,4,1.5,4,4,0,1.5,NA,NA,NA,NA,NA,NA,NA,NA,NA,NA
"221","dad",4,"strongly agree/agree",1.5,4,1.5,0,0,0,4,0,4,4,4,0,1.5,1.5,1.5,0,"strongly agree/agree","strongly agree/agree"
"222","dad",4,"strongly agree/agree",4,8,4,4,1.5,1.5,1.5,4,4,8,4,4,4,8,1.5,8,"strongly agree/agree","strongly agree/agree"
"223","mom",5,"strongly agree/agree",1.5,4,8,4,8,4,1.5,4,NA,NA,NA,NA,NA,NA,NA,NA,NA,NA
"224","dad",4,"strongly agree/agree",1.5,1.5,1.5,1.5,1.5,1.5,1.5,1.5,4,NA,4,1.5,1.5,1.5,0,1.5,"strongly agree/agree","strongly disagree/disagree"
"225","mom",2,"strongly agree/agree",4,4,8,1.5,4,4,4,0,1.5,0,1.5,1.5,0,0,1.5,1.5,"strongly disagree/disagree","strongly disagree/disagree"
"226","mom",3,"strongly agree/agree",1.5,4,4,1.5,4,4,1.5,NA,NA,NA,NA,NA,NA,NA,NA,NA,NA,NA
"227","dad",4,"strongly agree/agree",4,4,1.5,4,8,4,4,1.5,4,1.5,4,4,8,8,4,1.5,"strongly agree/agree","strongly agree/agree"
"228","mom",3,"strongly agree/agree",4,1.5,8,1.5,8,4,4,1.5,1.5,1.5,0,1.5,4,4,1.5,4,"strongly agree/agree","strongly agree/agree"
"229","dad",4,"strongly agree/agree",1.5,4,1.5,4,0,0,4,4,8,8,8,4,8,8,1.5,8,"strongly agree/agree","strongly agree/agree"
"230","mom",NA,"strongly agree/agree",1.5,1.5,8,1.5,1.5,1.5,0,1.5,NA,NA,NA,NA,NA,NA,NA,NA,NA,NA
"231","dad",4,"strongly agree/agree",1.5,4,0,4,1.5,1.5,4,1.5,4,8,8,4,4,13,1.5,18,"strongly agree/agree","strongly agree/agree"
"232","dad",5,"strongly agree/agree",4,4,4,1.5,1.5,1.5,8,1.5,1.5,1.5,1.5,1.5,1.5,1.5,0,1.5,"strongly disagree/disagree","strongly disagree/disagree"
"233","mom",3,"strongly agree/agree",1.5,4,4,1.5,1.5,8,1.5,1.5,1.5,1.5,1.5,1.5,4,1.5,8,13,"strongly disagree/disagree","strongly agree/agree"
"234","mom",5,"strongly agree/agree",4,1.5,4,4,4,4,0,1.5,NA,NA,NA,NA,NA,NA,NA,NA,"strongly agree/agree","strongly agree/agree"
"235","mom",3,"strongly agree/agree",1.5,4,8,0,4,8,0,1.5,1.5,1.5,0,1.5,1.5,1.5,1.5,1.5,"strongly disagree/disagree","strongly agree/agree"
"236","dad",3,"strongly agree/agree",1.5,1.5,0,1.5,0,0,1.5,1.5,4,8,8,0,1.5,4,4,4,"strongly agree/agree","strongly agree/agree"
"237","mom",6,"strongly agree/agree",1.5,4,4,0,1.5,1.5,4,8,0,1.5,0,1.5,0,0,0,0,"strongly disagree/disagree","strongly agree/agree"
"238","mom",5,"strongly agree/agree",4,4,8,8,4,8,4,4,NA,NA,NA,NA,NA,NA,NA,NA,NA,NA
"239","mom",5,"strongly agree/agree",1.5,1.5,4,1.5,4,1.5,1.5,0,NA,NA,NA,NA,NA,NA,NA,NA,"strongly disagree/disagree","strongly agree/agree"
"240","mom",3,"strongly agree/agree",4,8,13,4,8,8,4,8,NA,NA,NA,NA,NA,NA,NA,NA,NA,NA
"241","dad",NA,"strongly agree/agree",0,1.5,0,0,1.5,0,4,4,1.5,1.5,4,1.5,1.5,1.5,1.5,0,"strongly agree/agree","strongly agree/agree"
"242","mom",2,"strongly agree/agree",4,4,4,1.5,8,4,4,1.5,1.5,1.5,1.5,1.5,4,0,4,1.5,"strongly agree/agree","strongly agree/agree"
"243","dad",3,"strongly agree/agree",4,1.5,8,4,4,1.5,0,4,4,1.5,8,4,1.5,1.5,0,4,"strongly agree/agree","strongly agree/agree"
"244","mom",3,"strongly agree/agree",4,1.5,4,8,4,4,8,1.5,4,4,4,1.5,1.5,1.5,8,4,"strongly agree/agree","strongly agree/agree"
"245","dad",3,"strongly agree/agree",1.5,4,4,1.5,4,0,8,1.5,1.5,4,4,1.5,4,1.5,1.5,1.5,"strongly agree/agree","strongly agree/agree"
"246","mom",6,"strongly agree/agree",1.5,1.5,4,1.5,1.5,4,1.5,0,1.5,1.5,4,1.5,1.5,0,8,1.5,"strongly agree/agree","strongly disagree/disagree"
"247","dad",4,"strongly agree/agree",0,1.5,4,4,1.5,1.5,1.5,1.5,4,4,4,1.5,1.5,4,0,1.5,"strongly agree/agree","strongly agree/agree"
"248","dad",3,"strongly agree/agree",4,8,1.5,4,4,1.5,8,4,4,4,8,1.5,8,4,8,4,"strongly agree/agree","strongly agree/agree"
"249","mom",NA,"strongly agree/agree",1.5,4,4,4,4,4,4,4,1.5,4,0,4,0,1.5,4,4,"strongly disagree/disagree","strongly agree/agree"
"250","dad",4,"strongly agree/agree",0,4,NA,1.5,1.5,1.5,4,4,4,4,8,4,1.5,4,4,1.5,"strongly agree/agree","strongly agree/agree"
"251","mom",3,"strongly agree/agree",1.5,8,8,8,4,13,4,8,0,8,0,4,0,0,13,13,"strongly disagree/disagree","strongly agree/agree"
"252","dad",4,"strongly agree/agree",1.5,4,0,1.5,1.5,1.5,1.5,4,4,4,8,1.5,4,4,4,1.5,"strongly agree/agree","strongly agree/agree"
"253","dad",3,"strongly agree/agree",1.5,4,8,1.5,1.5,4,0,1.5,1.5,1.5,0,1.5,1.5,1.5,4,4,"strongly agree/agree","strongly agree/agree"
"254","dad",3,"strongly agree/agree",0,1.5,0,1.5,1.5,1.5,1.5,1.5,0,0,1.5,1.5,1.5,1.5,0,1.5,"neither agree nor disagree","strongly disagree/disagree"
"255","mom",2,"strongly agree/agree",1.5,1.5,1.5,1.5,4,4,0,0,1.5,1.5,0,0,0,1.5,1.5,0,"neither agree nor disagree","strongly disagree/disagree"
"256","dad",6,"strongly agree/agree",1.5,4,8,1.5,1.5,1.5,4,1.5,1.5,1.5,4,1.5,1.5,1.5,8,4,"strongly agree/agree","strongly agree/agree"
"257","mom",6,"strongly agree/agree",4,8,1.5,1.5,4,4,4,4,4,8,8,0,1.5,1.5,4,1.5,"strongly agree/agree","strongly agree/agree"
"258","dad",4,"strongly agree/agree",4,4,0,1.5,4,1.5,4,1.5,4,4,4,4,4,4,1.5,4,"strongly agree/agree","strongly agree/agree"
"259","mom",2,"strongly agree/agree",1.5,1.5,8,4,4,4,1.5,4,1.5,1.5,0,1.5,0,0,1.5,1.5,"strongly agree/agree","neither agree nor disagree"
"260","dad",3,"strongly agree/agree",1.5,4,8,8,4,8,8,13,1.5,4,1.5,1.5,13,1.5,1.5,13,"strongly agree/agree","strongly agree/agree"
"261","mom",3,"strongly agree/agree",4,1.5,4,1.5,1.5,1.5,4,1.5,1.5,1.5,1.5,1.5,0,1.5,1.5,1.5,"strongly agree/agree","neither agree nor disagree"
"262","mom",5,"strongly agree/agree",1.5,8,8,4,8,8,1.5,8,NA,NA,NA,NA,NA,NA,NA,NA,NA,NA
"263","mom",5,"strongly agree/agree",4,8,8,4,4,4,4,8,NA,NA,NA,NA,NA,NA,NA,NA,NA,NA
"264","dad",3,"strongly agree/agree",1.5,1.5,4,4,1.5,1.5,1.5,4,1.5,8,4,4,4,1.5,1.5,13,"strongly agree/agree","strongly agree/agree"
"265","dad",4,"strongly agree/agree",1.5,4,4,1.5,1.5,1.5,1.5,0,4,4,8,4,8,8,1.5,8,"strongly agree/agree","strongly agree/agree"
"266","mom",2,"strongly agree/agree",4,4,8,4,4,8,1.5,8,1.5,1.5,1.5,1.5,0,1.5,1.5,0,"strongly disagree/disagree","strongly agree/agree"
"267","dad",4,"strongly agree/agree",1.5,1.5,1.5,1.5,0,0,0,1.5,1.5,1.5,4,1.5,1.5,1.5,0,0,"strongly agree/agree","strongly agree/agree"
"268","dad",4,"strongly agree/agree",1.5,1.5,1.5,4,4,1.5,1.5,1.5,4,1.5,8,4,4,4,1.5,4,"strongly agree/agree","strongly agree/agree"
"269","mom",2,"strongly agree/agree",1.5,4,13,4,1.5,4,0,1.5,0,1.5,1.5,4,1.5,0,4,1.5,"strongly agree/agree","strongly agree/agree"
"270","dad",4,"strongly agree/agree",1.5,1.5,1.5,1.5,1.5,1.5,0,4,4,4,8,1.5,1.5,4,1.5,4,"strongly disagree/disagree","neither agree nor disagree"
"271","mom",2,"strongly agree/agree",4,4,8,4,4,4,4,13,0,1.5,1.5,1.5,0,1.5,0,4,"strongly disagree/disagree","strongly disagree/disagree"
"272","dad",3,"strongly agree/agree",1.5,1.5,1.5,4,1.5,4,4,0,1.5,4,4,1.5,4,8,1.5,1.5,"neither agree nor disagree","strongly agree/agree"
"273","mom",3,"strongly disagree/disagree",1.5,4,4,1.5,1.5,1.5,1.5,1.5,1.5,4,8,1.5,1.5,4,1.5,4,"strongly agree/agree","strongly agree/agree"
"274","dad",5,"strongly agree/agree",1.5,1.5,1.5,1.5,4,4,4,8,4,4,8,8,8,13,8,8,"strongly agree/agree","strongly agree/agree"
"275","dad",6,"strongly agree/agree",0,0,0,4,0,0,1.5,1.5,4,4,4,0,1.5,4,0,4,"strongly agree/agree","strongly agree/agree"
"276","dad",4,"strongly agree/agree",1.5,1.5,0,1.5,1.5,0,4,4,8,8,18,13,8,4,1.5,1.5,"strongly agree/agree","strongly agree/agree"
"277","dad",3,NA,4,1.5,1.5,1.5,1.5,1.5,0,0,NA,NA,NA,NA,NA,NA,NA,NA,NA,NA
"278","mom",3,"strongly agree/agree",NA,NA,NA,NA,NA,NA,NA,NA,4,4,8,4,4,4,0,0,"strongly agree/agree","strongly agree/agree"
"279","dad",3,"strongly agree/agree",1.5,1.5,8,4,4,1.5,4,1.5,1.5,4,8,4,8,4,1.5,4,"strongly agree/agree","strongly agree/agree"
"280","mom",4,"strongly agree/agree",1.5,4,4,1.5,1.5,1.5,0,1.5,1.5,0,4,1.5,0,1.5,1.5,0,"strongly agree/agree","strongly agree/agree"
"281","dad",3,"strongly agree/agree",1.5,8,4,8,1.5,4,1.5,0,1.5,1.5,1.5,4,1.5,1.5,1.5,0,"strongly disagree/disagree","neither agree nor disagree"
"282","mom",3,"strongly agree/agree",1.5,4,4,4,4,4,1.5,1.5,1.5,8,4,4,1.5,4,1.5,0,"strongly agree/agree","strongly agree/agree"
"283","dad",4,"strongly agree/agree",0,0,1.5,1.5,0,1.5,1.5,0,4,0,8,4,0,1.5,0,0,"strongly agree/agree","strongly agree/agree"
"284","mom",3,"strongly agree/agree",1.5,0,4,1.5,0,0,0,0,0,0,1.5,0,0,0,0,0,"strongly agree/agree","strongly agree/agree"
"285","dad",3,"strongly agree/agree",0,1.5,1.5,1.5,4,8,4,4,4,8,13,4,4,0,1.5,8,"strongly agree/agree","strongly agree/agree"
"286","mom",6,"strongly agree/agree",4,4,8,4,1.5,0,1.5,4,0,0,0,4,4,4,8,1.5,"strongly agree/agree","strongly agree/agree"
"287","dad",4,"neither agree nor disagree",0,1.5,1.5,1.5,0,0,1.5,4,4,8,4,1.5,1.5,4,4,1.5,"strongly agree/agree","strongly agree/agree"
"288","dad",4,"strongly agree/agree",1.5,1.5,4,1.5,4,1.5,4,4,1.5,4,4,1.5,1.5,4,1.5,4,"neither agree nor disagree","strongly agree/agree"
"289","mom",1,"strongly agree/agree",1.5,1.5,18,13,1.5,4,1.5,8,1.5,0,0,1.5,0,1.5,1.5,0,"strongly disagree/disagree","strongly disagree/disagree"
"290","mom",6,"strongly agree/agree",1.5,8,4,1.5,4,1.5,1.5,1.5,NA,NA,NA,NA,NA,NA,NA,NA,NA,NA
"291","dad",6,"neither agree nor disagree",1.5,0,0,1.5,1.5,0,4,0,1.5,1.5,8,4,1.5,4,0,4,"strongly agree/agree","strongly agree/agree"
"292","mom",3,"strongly agree/agree",4,1.5,8,4,1.5,8,1.5,4,1.5,0,0,1.5,1.5,0,1.5,0,"strongly agree/agree","strongly agree/agree"
"293","dad",3,"strongly agree/agree",0,1.5,0,4,1.5,4,1.5,1.5,1.5,1.5,8,1.5,4,0,1.5,4,"strongly agree/agree","strongly agree/agree"
"294","mom",6,"strongly agree/agree",1.5,1.5,4,1.5,1.5,0,0,1.5,0,1.5,0,4,1.5,4,4,1.5,"strongly agree/agree","strongly agree/agree"
"295","dad",3,"strongly agree/agree",1.5,4,8,8,8,8,4,1.5,8,1.5,13,8,1.5,0,0,0,"strongly agree/agree","strongly agree/agree"
"296","dad",5,"strongly agree/agree",1.5,1.5,4,4,4,0,1.5,4,1.5,1.5,4,1.5,4,1.5,1.5,4,"strongly agree/agree","strongly agree/agree"
"297","mom",1,"strongly agree/agree",4,4,8,1.5,8,4,4,8,1.5,1.5,1.5,4,1.5,0,1.5,4,"strongly disagree/disagree","strongly agree/agree"
"298","mom",5,"strongly agree/agree",1.5,4,4,1.5,1.5,4,8,4,NA,NA,NA,NA,NA,NA,NA,NA,NA,NA
"299","mom",3,"strongly agree/agree",4,4,4,1.5,8,4,1.5,1.5,NA,NA,NA,NA,NA,NA,NA,NA,"strongly agree/agree","strongly agree/agree"
"300","dad",3,"neither agree nor disagree",1.5,1.5,1.5,4,1.5,1.5,1.5,1.5,4,4,4,1.5,1.5,1.5,4,1.5,"strongly agree/agree","strongly agree/agree"
"301","mom",2,"strongly agree/agree",4,4,8,1.5,4,4,1.5,8,0,1.5,0,1.5,0,0,1.5,0,"strongly disagree/disagree","strongly agree/agree"
"302","mom",NA,"strongly agree/agree",4,1.5,4,4,4,4,NA,1.5,NA,NA,NA,NA,NA,NA,NA,NA,NA,NA
"303","dad",4,"strongly agree/agree",1.5,1.5,1.5,1.5,1.5,1.5,1.5,1.5,4,4,4,0,1.5,4,1.5,1.5,"strongly agree/agree","strongly agree/agree"
"304","mom",3,"strongly agree/agree",1.5,1.5,1.5,1.5,1.5,1.5,1.5,1.5,1.5,1.5,0,1.5,0,1.5,1.5,1.5,"strongly agree/agree","strongly agree/agree"
"305","mom",3,"strongly agree/agree",1.5,4,4,1.5,4,4,4,1.5,1.5,4,4,4,1.5,1.5,4,4,"strongly agree/agree","strongly agree/agree"
"306","mom",6,"strongly agree/agree",4,1.5,4,1.5,8,8,1.5,1.5,NA,NA,NA,NA,NA,NA,NA,NA,NA,NA
"307","dad",4,"strongly agree/agree",1.5,4,4,1.5,1.5,1.5,4,4,4,4,4,1.5,4,1.5,1.5,4,"strongly agree/agree","strongly agree/agree"
"308","mom",5,"strongly agree/agree",4,13,13,4,4,4,1.5,13,NA,NA,NA,NA,NA,NA,NA,NA,NA,NA
"309","mom",NA,"strongly agree/agree",1.5,1.5,4,1.5,4,4,1.5,1.5,NA,NA,NA,NA,NA,NA,NA,NA,NA,NA
"310","dad",4,"strongly agree/agree",1.5,4,1.5,1.5,4,0,8,4,8,4,8,1.5,13,13,13,8,"strongly agree/agree","strongly agree/agree"
"311","mom",5,"strongly agree/agree",1.5,1.5,8,4,4,1.5,1.5,4,NA,NA,NA,NA,NA,NA,NA,NA,NA,NA
"312","mom",4,"strongly agree/agree",1.5,1.5,4,1.5,1.5,4,0,1.5,NA,NA,NA,NA,NA,NA,NA,NA,NA,NA
"313","mom",5,"strongly agree/agree",NA,NA,NA,NA,NA,NA,NA,NA,NA,NA,NA,NA,NA,NA,NA,NA,NA,NA
"314","mom",5,"strongly agree/agree",1.5,0,4,4,4,1.5,8,1.5,NA,NA,NA,NA,NA,NA,NA,NA,NA,NA
"315","dad",3,"strongly agree/agree",1.5,4,1.5,1.5,1.5,1.5,4,1.5,1.5,4,4,1.5,4,1.5,1.5,1.5,"strongly agree/agree","strongly agree/agree"
"316","mom",3,"strongly agree/agree",NA,NA,NA,NA,NA,NA,NA,NA,1.5,4,1.5,1.5,1.5,4,8,1.5,"strongly agree/agree","strongly agree/agree"
"317","dad",NA,"strongly agree/agree",1.5,1.5,4,1.5,1.5,0,4,1.5,1.5,4,1.5,1.5,1.5,4,1.5,4,"strongly agree/agree","strongly agree/agree"
"318","mom",3,"strongly agree/agree",4,4,4,4,8,8,0,0,NA,NA,NA,NA,NA,NA,NA,NA,NA,NA
"319","dad",6,"strongly agree/agree",1.5,4,1.5,4,1.5,1.5,1.5,1.5,4,4,4,1.5,1.5,4,1.5,1.5,"strongly agree/agree","strongly agree/agree"
"320","mom",3,"strongly agree/agree",4,4,13,8,4,8,4,0,1.5,4,1.5,4,4,1.5,4,0,"strongly agree/agree","strongly agree/agree"
"321","mom",3,"strongly agree/agree",1.5,4,1.5,4,0,8,0,1.5,1.5,0,4,0,0,0,0,0,"strongly disagree/disagree","strongly disagree/disagree"
"322","dad",4,"strongly agree/agree",1.5,1.5,4,4,4,4,4,1.5,1.5,1.5,8,4,4,4,0,1.5,"strongly agree/agree","strongly agree/agree"
"323","mom",3,"strongly agree/agree",NA,NA,NA,NA,NA,NA,NA,NA,1.5,4,1.5,4,1.5,1.5,8,1.5,"strongly agree/agree","strongly agree/agree"
"324","dad",3,"strongly agree/agree",1.5,1.5,4,1.5,4,4,8,1.5,4,4,4,4,1.5,1.5,4,4,"strongly agree/agree","strongly agree/agree"
"325","mom",3,"strongly agree/agree",1.5,1.5,4,1.5,8,4,1.5,4,1.5,1.5,0,1.5,4,1.5,4,0,"strongly agree/agree","strongly agree/agree"
"326","mom",6,"strongly agree/agree",4,1.5,4,1.5,1.5,1.5,1.5,0,NA,NA,NA,NA,NA,NA,NA,NA,NA,NA
"327","dad",4,"strongly agree/agree",4,4,4,1.5,4,4,8,1.5,1.5,1.5,1.5,4,4,1.5,4,4,"strongly agree/agree","strongly agree/agree"
"328","mom",6,"strongly agree/agree",NA,NA,NA,NA,NA,NA,NA,NA,4,4,1.5,1.5,1.5,0,4,1.5,"strongly agree/agree","strongly agree/agree"
"329","dad",3,"strongly agree/agree",1.5,1.5,4,4,1.5,1.5,1.5,1.5,1.5,4,4,1.5,1.5,4,1.5,1.5,"strongly agree/agree","strongly agree/agree"
"330","mom",NA,"strongly agree/agree",4,8,4,4,1.5,4,4,13,1.5,1.5,1.5,1.5,1.5,1.5,1.5,1.5,"strongly agree/agree","strongly agree/agree"
"331","dad",4,"strongly agree/agree",1.5,4,1.5,1.5,1.5,4,0,1.5,8,4,8,4,8,4,13,4,"strongly agree/agree","strongly agree/agree"
"332","mom",5,"strongly agree/agree",4,13,4,1.5,4,4,18,4,NA,NA,NA,NA,NA,NA,NA,NA,NA,NA
"333","mom",5,"strongly agree/agree",4,8,4,4,8,8,1.5,1.5,NA,NA,NA,NA,NA,NA,NA,NA,NA,NA
"334","mom",4,"strongly agree/agree",4,4,13,8,8,8,4,1.5,0,4,0,0,0,0,0,1.5,NA,NA
"335","dad",4,"strongly agree/agree",1.5,0,0,4,8,1.5,8,1.5,4,0,8,4,1.5,1.5,8,4,"neither agree nor disagree","strongly agree/agree"
"336","mom",2,"strongly agree/agree",1.5,1.5,4,1.5,4,4,8,1.5,1.5,1.5,0,0,4,0,8,0,"strongly disagree/disagree","strongly agree/agree"
"337","dad",4,"strongly agree/agree",1.5,4,4,1.5,1.5,4,1.5,4,1.5,4,4,1.5,1.5,4,1.5,4,"strongly agree/agree","strongly agree/agree"
"338","mom",2,"strongly agree/agree",1.5,4,8,4,4,4,4,4,4,1.5,1.5,0,0,0,1.5,1.5,"strongly disagree/disagree","neither agree nor disagree"
"339","dad",4,"strongly agree/agree",1.5,1.5,0,0,1.5,1.5,1.5,4,4,4,4,1.5,4,4,4,4,"strongly agree/agree","strongly agree/agree"
"340","dad",3,"strongly agree/agree",1.5,4,4,8,4,4,4,1.5,1.5,4,4,4,1.5,4,0,4,"strongly agree/agree","strongly disagree/disagree"
"341","mom",6,"strongly agree/agree",4,8,4,4,4,4,4,4,8,8,4,4,4,4,8,1.5,"strongly disagree/disagree","strongly disagree/disagree"
"342","dad",4,"strongly agree/agree",1.5,8,1.5,1.5,4,1.5,4,4,4,0,8,4,8,8,4,4,"strongly agree/agree","neither agree nor disagree"
"343","dad",3,"strongly agree/agree",0,1.5,4,1.5,1.5,0,1.5,1.5,1.5,1.5,4,4,4,1.5,0,4,"strongly agree/agree","strongly agree/agree"
"344","dad",5,"strongly agree/agree",1.5,1.5,4,4,4,1.5,4,1.5,1.5,8,8,4,4,4,0,4,"strongly disagree/disagree","strongly agree/agree"
"345","dad",4,"strongly agree/agree",1.5,1.5,4,1.5,4,4,4,1.5,4,4,8,8,8,8,1.5,1.5,"strongly agree/agree","strongly agree/agree"
"346","mom",2,"strongly agree/agree",4,1.5,8,4,1.5,4,1.5,1.5,1.5,0,1.5,1.5,1.5,1.5,1.5,0,"strongly agree/agree","strongly agree/agree"
"347","dad",3,"strongly agree/agree",1.5,1.5,0,4,1.5,0,4,0,4,1.5,8,0,1.5,1.5,1.5,0,"strongly agree/agree","strongly agree/agree"
"348","mom",3,"strongly agree/agree",4,1.5,4,1.5,1.5,1.5,0,0,0,1.5,0,1.5,0,0,1.5,0,"strongly agree/agree","strongly agree/agree"
"349","mom",5,"strongly agree/agree",4,4,8,4,13,8,1.5,4,0,0,0,0,0,0,0,0,NA,NA
"350","dad",3,"strongly agree/agree",0,1.5,4,0,0,0,4,1.5,1.5,1.5,4,1.5,4,1.5,0,1.5,"strongly agree/agree","strongly agree/agree"
"351","dad",6,"strongly agree/agree",4,0,4,4,0,1.5,4,8,1.5,0,4,4,4,1.5,8,8,"strongly agree/agree","strongly agree/agree"
"352","mom",3,"strongly agree/agree",0,0,4,4,1.5,1.5,8,0,8,0,8,0,0,1.5,0,4,"strongly agree/agree","strongly agree/agree"
"353","mom",5,"strongly agree/agree",4,4,1.5,1.5,1.5,4,1.5,1.5,NA,NA,NA,NA,NA,NA,NA,NA,NA,NA
"354","dad",3,"strongly agree/agree",4,4,8,1.5,1.5,1.5,4,4,1.5,4,4,1.5,1.5,1.5,4,1.5,"strongly agree/agree","strongly disagree/disagree"
"355","mom",3,"strongly agree/agree",4,1.5,4,4,1.5,1.5,1.5,4,1.5,1.5,4,1.5,1.5,1.5,4,0,"strongly agree/agree","strongly disagree/disagree"
"356","dad",4,"strongly agree/agree",0,0,1.5,1.5,1.5,1.5,1.5,0,1.5,0,4,4,1.5,1.5,0,0,"strongly agree/agree","strongly agree/agree"
"357","mom",3,"strongly agree/agree",4,1.5,8,1.5,0,4,0,1.5,1.5,1.5,1.5,1.5,0,1.5,4,1.5,"strongly agree/agree","strongly agree/agree"
"358","dad",4,"strongly agree/agree",1.5,1.5,0,1.5,1.5,1.5,1.5,4,1.5,1.5,4,1.5,1.5,0,1.5,1.5,"strongly disagree/disagree","strongly disagree/disagree"
"359","mom",2,"strongly agree/agree",1.5,1.5,4,1.5,1.5,0,1.5,1.5,1.5,4,0,1.5,0,0,1.5,1.5,"strongly disagree/disagree","strongly disagree/disagree"
"360","dad",NA,"strongly agree/agree",1.5,8,4,1.5,4,0,4,4,4,8,8,4,4,1.5,0,8,"strongly agree/agree","strongly agree/agree"
"361","dad",3,"strongly agree/agree",1.5,1.5,4,4,1.5,1.5,4,1.5,4,1.5,8,1.5,1.5,1.5,0,1.5,"strongly agree/agree","strongly agree/agree"
"362","mom",3,"strongly agree/agree",4,4,8,4,1.5,1.5,1.5,1.5,0,1.5,1.5,4,0,1.5,1.5,1.5,"strongly agree/agree","strongly agree/agree"
"363","mom",4,"strongly agree/agree",1.5,0,8,1.5,4,4,1.5,1.5,0,0,0,1.5,1.5,0,1.5,1.5,"strongly disagree/disagree","strongly agree/agree"
"364","mom",5,"strongly agree/agree",1.5,4,8,1.5,4,4,4,4,NA,NA,NA,NA,NA,NA,NA,NA,NA,NA
"365","dad",3,"strongly agree/agree",1.5,4,1.5,1.5,1.5,1.5,1.5,1.5,1.5,4,4,4,4,0,0,1.5,"strongly agree/agree","strongly agree/agree"
"366","mom",3,"strongly agree/agree",4,8,4,1.5,1.5,0,1.5,1.5,4,4,1.5,1.5,1.5,0,4,1.5,"strongly agree/agree","strongly agree/agree"
"367","mom",5,"strongly agree/agree",4,4,4,0,1.5,4,1.5,1.5,NA,NA,NA,NA,NA,NA,NA,NA,NA,NA
"368","mom",3,"strongly agree/agree",4,1.5,8,1.5,4,13,8,4,NA,NA,NA,NA,NA,NA,NA,NA,NA,NA
"369","mom",NA,"strongly agree/agree",NA,4,13,4,8,4,1.5,4,NA,NA,NA,NA,NA,NA,NA,NA,NA,NA
"370","dad",4,"strongly agree/agree",1.5,4,1.5,4,0,0,4,1.5,8,13,13,4,18,13,4,8,"neither agree nor disagree","strongly agree/agree"
"371","mom",2,"neither agree nor disagree",4,4,8,4,8,4,1.5,4,0,1.5,0,1.5,0,0,1.5,1.5,"strongly disagree/disagree","strongly disagree/disagree"
"372","dad",3,"strongly disagree/disagree",1.5,1.5,0,1.5,1.5,0,4,0,4,1.5,8,4,4,4,1.5,0,"strongly agree/agree","strongly agree/agree"
"373","mom",2,"strongly agree/agree",4,1.5,13,8,4,8,1.5,4,1.5,1.5,0,1.5,1.5,1.5,1.5,1.5,"strongly agree/agree","strongly agree/agree"
"374","dad",4,"strongly agree/agree",4,1.5,4,1.5,1.5,1.5,1.5,0,1.5,8,8,1.5,1.5,1.5,4,0,"strongly agree/agree","strongly agree/agree"
"375","mom",3,"strongly agree/agree",1.5,4,8,1.5,1.5,1.5,1.5,0,1.5,1.5,1.5,1.5,1.5,1.5,0,0,"strongly disagree/disagree","strongly agree/agree"
"376","dad",3,"strongly agree/agree",4,4,1.5,1.5,4,1.5,1.5,1.5,4,1.5,8,1.5,13,4,1.5,1.5,"strongly agree/agree","strongly agree/agree"
"377","mom",3,"strongly agree/agree",4,4,13,8,8,4,1.5,1.5,1.5,4,0,1.5,0,0,0,1.5,"strongly agree/agree","strongly agree/agree"
"378","mom",3,"strongly agree/agree",4,1.5,1.5,0,0,0,0,1.5,1.5,1.5,4,4,4,8,4,0,"strongly agree/agree","strongly agree/agree"
"379","dad",4,"strongly agree/agree",1.5,1.5,1.5,1.5,1.5,1.5,4,4,4,8,8,8,4,4,1.5,4,"strongly agree/agree","strongly agree/agree"
"380","dad",3,"strongly agree/agree",1.5,4,1.5,1.5,1.5,0,1.5,0,1.5,1.5,0,0,1.5,0,4,0,"strongly agree/agree","strongly agree/agree"
"381","mom",2,"strongly agree/agree",1.5,1.5,8,8,13,8,1.5,4,4,8,8,4,13,1.5,8,8,"strongly agree/agree","strongly agree/agree"
"382","dad",3,"strongly agree/agree",4,4,8,1.5,1.5,1.5,0,8,4,4,4,4,NA,4,0,8,"strongly agree/agree","strongly agree/agree"
"383","mom",NA,"strongly agree/agree",4,8,8,1.5,1.5,1.5,0,4,4,13,8,0,0,4,0,8,"strongly agree/agree","strongly agree/agree"
"384","dad",4,"strongly agree/agree",1.5,0,1.5,0,1.5,0,4,1.5,1.5,1.5,4,1.5,4,8,4,4,"strongly agree/agree","strongly agree/agree"
"385","mom",6,"strongly agree/agree",0,1.5,4,1.5,4,4,1.5,1.5,4,0,0,1.5,0,0,4,1.5,"strongly agree/agree","strongly agree/agree"
"386","dad",4,"neither agree nor disagree",1.5,1.5,1.5,1.5,0,0,8,1.5,1.5,1.5,8,1.5,1.5,4,8,1.5,"strongly agree/agree","strongly agree/agree"
"387","mom",2,"strongly agree/agree",4,1.5,13,4,4,8,4,1.5,1.5,0,1.5,1.5,0,0,4,0,"strongly disagree/disagree","strongly agree/agree"
"388","dad",6,"strongly agree/agree",4,1.5,4,4,4,0,4,4,4,4,4,8,4,1.5,0,4,"strongly agree/agree","strongly agree/agree"
"389","mom",3,"strongly agree/agree",4,1.5,8,4,1.5,1.5,0,4,1.5,1.5,8,4,1.5,0,1.5,4,"strongly agree/agree","strongly agree/agree"
"390","dad",4,"strongly disagree/disagree",0,1.5,0,0,0,0,1.5,4,1.5,4,4,1.5,1.5,0,1.5,4,"strongly agree/agree","strongly agree/agree"
"391","mom",3,"strongly agree/agree",4,1.5,8,1.5,1.5,0,0,4,0,0,0,0,0,0,0,0,"strongly disagree/disagree","strongly agree/agree"
"392","dad",3,"strongly agree/agree",0,8,1.5,4,1.5,1.5,4,4,4,1.5,8,4,1.5,8,0,1.5,"strongly disagree/disagree","strongly agree/agree"
"393","mom",3,"strongly agree/agree",1.5,1.5,4,1.5,0,4,1.5,1.5,0,1.5,1.5,1.5,0,1.5,1.5,4,"strongly agree/agree","strongly agree/agree"
"394","dad",3,"strongly agree/agree",1.5,1.5,1.5,4,1.5,0,1.5,0,1.5,1.5,4,1.5,4,0,0,4,"strongly agree/agree","strongly agree/agree"
"395","mom",2,"strongly agree/agree",1.5,4,1.5,4,1.5,0,0,4,4,8,8,1.5,0,0,4,1.5,"strongly disagree/disagree","strongly agree/agree"
"396","mom",6,"strongly agree/agree",1.5,1.5,8,4,1.5,4,1.5,1.5,1.5,1.5,8,4,1.5,4,1.5,1.5,"strongly agree/agree","strongly agree/agree"
"397","dad",3,"strongly agree/agree",4,1.5,8,1.5,4,4,8,0,1.5,1.5,1.5,1.5,1.5,0,8,1.5,"neither agree nor disagree","neither agree nor disagree"
"398","mom",3,"strongly agree/agree",1.5,1.5,1.5,1.5,1.5,1.5,8,1.5,4,1.5,8,4,4,8,4,0,"strongly agree/agree","strongly agree/agree"
"399","dad",3,"strongly agree/agree",1.5,1.5,4,4,1.5,1.5,4,1.5,1.5,0,4,1.5,1.5,1.5,4,1.5,"strongly agree/agree","strongly agree/agree"
"400","mom",3,"strongly agree/agree",0,0,4,1.5,1.5,1.5,4,0,1.5,0,8,4,0,1.5,4,0,"strongly agree/agree","strongly agree/agree"
"401","mom",6,"strongly agree/agree",4,4,18,4,8,1.5,4,4,0,4,1.5,1.5,1.5,8,8,1.5,"strongly agree/agree","strongly agree/agree"
"402","mom",5,"strongly agree/agree",4,0,8,1.5,4,1.5,1.5,1.5,NA,NA,NA,NA,NA,NA,NA,NA,NA,NA
"403","dad",3,"strongly agree/agree",1.5,4,1.5,1.5,1.5,0,4,1.5,4,4,4,4,4,4,4,4,"strongly agree/agree","strongly agree/agree"
"404","dad",3,"strongly agree/agree",1.5,1.5,4,1.5,1.5,1.5,1.5,0,1.5,1.5,0,1.5,0,1.5,1.5,1.5,"strongly disagree/disagree","strongly disagree/disagree"
"405","dad",5,"strongly agree/agree",0,0,0,1.5,1.5,1.5,1.5,0,1.5,0,4,1.5,1.5,1.5,1.5,0,"strongly agree/agree","strongly agree/agree"
"406","dad",3,"strongly agree/agree",0,1.5,0,1.5,1.5,0,4,1.5,4,4,4,1.5,1.5,1.5,1.5,1.5,"strongly agree/agree","strongly agree/agree"
"407","mom",3,"strongly agree/agree",4,4,1.5,1.5,1.5,1.5,1.5,1.5,0,1.5,0,1.5,1.5,0,4,1.5,"strongly agree/agree","strongly agree/agree"
"408","mom",5,"strongly agree/agree",1.5,1.5,1.5,1.5,1.5,1.5,0,4,NA,NA,NA,NA,NA,NA,NA,NA,NA,NA
"409","dad",4,"strongly agree/agree",1.5,4,1.5,4,4,4,4,4,1.5,4,8,4,4,8,1.5,8,"strongly agree/agree","strongly agree/agree"
"410","mom",2,"strongly agree/agree",4,8,4,0,8,8,8,4,1.5,1.5,1.5,4,1.5,4,4,1.5,"strongly agree/agree","strongly agree/agree"
"411","dad",4,"strongly agree/agree",4,4,1.5,4,1.5,0,1.5,1.5,8,8,4,4,4,8,1.5,4,"neither agree nor disagree","strongly agree/agree"
"412","dad",4,"strongly agree/agree",1.5,1.5,1.5,4,4,0,4,1.5,8,8,13,8,18,8,4,4,"strongly agree/agree","strongly agree/agree"
"413","dad",4,"strongly agree/agree",1.5,1.5,8,1.5,4,4,4,1.5,4,4,4,1.5,8,4,1.5,4,"neither agree nor disagree","strongly agree/agree"
"414","dad",4,"strongly agree/agree",1.5,1.5,1.5,8,4,0,4,0,4,8,8,1.5,4,8,1.5,0,"strongly agree/agree","strongly agree/agree"
"415","dad",3,"strongly agree/agree",1.5,4,4,4,1.5,4,4,4,4,4,4,4,8,13,1.5,8,"neither agree nor disagree","strongly agree/agree"
"416","mom",6,"strongly agree/agree",4,4,8,1.5,8,4,4,8,4,1.5,4,1.5,4,4,8,1.5,"strongly agree/agree","strongly agree/agree"
"417","dad",4,"NA",1.5,1.5,1.5,1.5,1.5,1.5,4,1.5,8,4,4,1.5,4,4,1.5,1.5,"strongly agree/agree","strongly agree/agree"
"418","dad",4,"strongly agree/agree",4,0,1.5,0,1.5,0,1.5,1.5,1.5,8,13,8,4,4,1.5,4,"strongly agree/agree","strongly agree/agree"
"419","dad",6,"strongly agree/agree",1.5,0,0,0,1.5,0,0,0,4,4,8,4,1.5,4,4,0,"strongly agree/agree","strongly agree/agree"
"420","dad",6,"neither agree nor disagree",0,1.5,1.5,4,8,4,4,4,4,4,4,1.5,0,4,1.5,8,"strongly disagree/disagree","strongly disagree/disagree"
"421","mom",NA,"strongly agree/agree",1.5,0,4,1.5,4,1.5,1.5,0,1.5,1.5,4,4,4,1.5,1.5,0,"strongly agree/agree","strongly agree/agree"
"422","dad",3,"strongly agree/agree",1.5,1.5,1.5,8,1.5,1.5,13,4,4,1.5,8,0,1.5,4,0,4,"strongly agree/agree","strongly agree/agree"
"423","mom",3,"strongly agree/agree",1.5,1.5,8,1.5,4,4,0,4,0,1.5,0,8,0,0,8,1.5,"strongly disagree/disagree","strongly agree/agree"
"424","dad",4,"strongly agree/agree",1.5,0,1.5,1.5,1.5,0,4,1.5,4,8,8,4,4,1.5,0,8,"strongly disagree/disagree","strongly agree/agree"
"425","dad",4,"strongly agree/agree",1.5,1.5,4,4,4,0,4,0,4,13,8,4,4,4,1.5,1.5,"strongly agree/agree","strongly disagree/disagree"
"426","dad",4,"strongly agree/agree",1.5,1.5,8,4,4,4,4,4,1.5,4,1.5,1.5,1.5,4,0,4,"strongly agree/agree","strongly agree/agree"
"427","mom",3,"strongly agree/agree",1.5,1.5,4,4,1.5,8,1.5,4,1.5,1.5,8,4,1.5,0,8,1.5,"strongly agree/agree","strongly agree/agree"
"428","dad",3,"strongly agree/agree",0,1.5,0,0,0,0,0,1.5,4,1.5,4,1.5,0,0,0,4,"strongly agree/agree","strongly agree/agree"
"429","mom",3,"strongly agree/agree",4,4,4,0,0,0,0,0,1.5,1.5,0,0,0,0,0,0,"strongly agree/agree","strongly agree/agree"
"430","dad",3,"strongly agree/agree",4,4,4,8,8,8,8,8,4,4,4,8,8,8,8,8,"strongly agree/agree","strongly agree/agree"
"431","mom",3,"strongly agree/agree",4,1.5,8,4,4,4,4,1.5,4,1.5,1.5,1.5,4,4,1.5,1.5,"strongly agree/agree","strongly agree/agree"
"432","mom",6,"strongly agree/agree",4,8,18,13,18,18,13,4,1.5,0,1.5,1.5,1.5,0,1.5,1.5,"strongly agree/agree","strongly agree/agree"
"433","dad",3,"strongly agree/agree",1.5,4,4,1.5,1.5,1.5,1.5,8,1.5,1.5,1.5,1.5,1.5,1.5,1.5,8,"strongly agree/agree","strongly agree/agree"
"434","mom",3,"strongly agree/agree",4,1.5,4,1.5,4,1.5,4,8,1.5,4,4,1.5,4,4,4,13,"strongly agree/agree","strongly agree/agree"
"435","dad",3,NA,NA,NA,NA,NA,NA,NA,NA,NA,NA,NA,NA,NA,NA,NA,NA,NA,NA,NA
"436","mom",3,"strongly agree/agree",1.5,1.5,1.5,0,1.5,0,0,4,1.5,1.5,4,1.5,1.5,0,0,4,"strongly agree/agree","strongly agree/agree"
"437","dad",4,"strongly agree/agree",0,1.5,0,1.5,1.5,1.5,1.5,1.5,4,4,4,1.5,4,1.5,1.5,1.5,"strongly agree/agree","strongly agree/agree"
"438","mom",6,"strongly agree/agree",4,1.5,4,1.5,4,4,0,1.5,0,0,0,1.5,1.5,1.5,1.5,1.5,"strongly agree/agree","strongly agree/agree"
"439","mom",4,"strongly agree/agree",1.5,4,4,8,4,0,0,8,1.5,8,8,4,4,4,8,8,"strongly agree/agree","strongly disagree/disagree"
"440","dad",6,"strongly agree/agree",1.5,4,1.5,4,1.5,4,4,0,4,4,8,4,8,8,4,1.5,"strongly agree/agree","strongly agree/agree"
"441","dad",3,"strongly agree/agree",0,1.5,1.5,4,1.5,0,4,1.5,4,4,8,1.5,4,8,0,1.5,"strongly agree/agree","strongly disagree/disagree"
"442","mom",3,"strongly agree/agree",4,4,13,1.5,18,18,0,8,0,1.5,1.5,4,0,0,1.5,8,"strongly disagree/disagree","strongly disagree/disagree"
"443","mom",3,"strongly agree/agree",1.5,1.5,4,1.5,1.5,1.5,0,4,NA,NA,NA,NA,NA,NA,NA,NA,NA,NA
"444","dad",6,"strongly agree/agree",0,0,0,1.5,1.5,0,4,1.5,13,4,13,4,4,4,1.5,1.5,"neither agree nor disagree","strongly agree/agree"
"445","mom",2,"strongly agree/agree",4,4,8,8,8,4,4,1.5,0,0,0,1.5,0,0,0,0,"strongly agree/agree","strongly agree/agree"
"446","mom",2,"strongly agree/agree",1.5,1.5,1.5,1.5,1.5,1.5,0,1.5,0,0,0,0,1.5,0,0,0,"strongly agree/agree","strongly disagree/disagree"
"447","dad",4,NA,NA,NA,NA,NA,NA,NA,NA,NA,NA,NA,NA,NA,NA,NA,NA,NA,NA,NA
"448","mom",2,"strongly agree/agree",1.5,4,13,8,4,1.5,1.5,1.5,4,1.5,1.5,4,0,1.5,0,0,"strongly disagree/disagree","strongly disagree/disagree"
"449","dad",4,"strongly agree/agree",0,1.5,1.5,1.5,1.5,0,13,1.5,4,4,8,4,8,4,1.5,1.5,"strongly agree/agree","strongly agree/agree"
"450","dad",NA,"strongly agree/agree",1.5,1.5,0,4,1.5,0,4,1.5,4,4,4,1.5,4,4,4,4,"strongly agree/agree","strongly agree/agree"
"451","mom",NA,"strongly agree/agree",1.5,1.5,8,1.5,8,4,4,4,1.5,0,0,4,1.5,0,4,1.5,"strongly agree/agree","strongly agree/agree"
"452","dad",4,"neither agree nor disagree",1.5,1.5,1.5,1.5,1.5,0,4,1.5,8,8,4,4,1.5,4,0,4,"strongly agree/agree","strongly agree/agree"
"453","mom",1,"strongly agree/agree",4,1.5,13,8,4,4,4,1.5,1.5,0,1.5,0,1.5,0,4,1.5,"strongly agree/agree","strongly agree/agree"
"454","dad",4,"strongly agree/agree",1.5,1.5,0,1.5,1.5,1.5,1.5,1.5,8,4,4,1.5,1.5,1.5,4,1.5,"strongly disagree/disagree","strongly disagree/disagree"
"455","dad",5,"strongly agree/agree",1.5,4,1.5,4,4,0,13,1.5,13,13,21,13,18,18,13,4,"strongly agree/agree","strongly agree/agree"
"456","mom",2,"strongly agree/agree",4,1.5,8,4,8,8,4,1.5,0,1.5,0,0,0,0,4,1.5,"strongly agree/agree","strongly agree/agree"
"457","dad",3,"strongly agree/agree",1.5,1.5,1.5,4,1.5,1.5,1.5,1.5,1.5,4,4,4,1.5,1.5,0,1.5,"strongly agree/agree","strongly agree/agree"
"458","mom",NA,"strongly agree/agree",1.5,1.5,1.5,4,4,1.5,1.5,1.5,1.5,1.5,4,4,4,4,1.5,1.5,"strongly disagree/disagree","neither agree nor disagree"
"459","dad",4,"strongly agree/agree",1.5,4,8,0,0,1.5,1.5,1.5,NA,NA,NA,NA,NA,NA,NA,NA,"strongly agree/agree","strongly agree/agree"
"460","mom",5,"strongly agree/agree",4,1.5,8,1.5,4,1.5,4,1.5,NA,NA,NA,NA,NA,NA,NA,NA,NA,NA
"461","dad",3,"strongly agree/agree",1.5,1.5,0,1.5,0,0,1.5,0,4,21,8,4,1.5,1.5,1.5,1.5,"strongly agree/agree","strongly agree/agree"
"462","mom",6,"strongly agree/agree",1.5,4,8,8,1.5,4,1.5,1.5,0,1.5,0,1.5,0,1.5,1.5,0,"neither agree nor disagree","strongly agree/agree"
"463","dad",3,"strongly agree/agree",1.5,1.5,4,4,4,1.5,4,4,1.5,1.5,1.5,1.5,4,0,4,4,"neither agree nor disagree","strongly agree/agree"
"464","mom",3,"strongly agree/agree",1.5,1.5,4,0,1.5,0,4,1.5,0,1.5,1.5,0,0,1.5,4,1.5,"strongly agree/agree","strongly agree/agree"
"465","dad",3,"neither agree nor disagree",1.5,1.5,NA,1.5,1.5,1.5,1.5,1.5,NA,NA,NA,NA,NA,NA,NA,NA,NA,NA
"466","mom",2,"strongly agree/agree",4,1.5,8,8,8,8,8,4,0,1.5,0,1.5,0,0,0,4,"strongly disagree/disagree","strongly agree/agree"
"467","dad",4,"strongly agree/agree",0,1.5,1.5,1.5,1.5,1.5,0,1.5,4,1.5,4,1.5,1.5,4,8,1.5,"neither agree nor disagree","strongly agree/agree"
"468","mom",1,"strongly agree/agree",4,4,8,1.5,4,4,13,4,1.5,1.5,1.5,0,0,0,1.5,0,"strongly agree/agree","strongly agree/agree"
"469","mom",3,"strongly agree/agree",1.5,1.5,4,4,1.5,4,0,1.5,NA,NA,NA,NA,NA,NA,NA,NA,NA,NA
"470","dad",3,"neither agree nor disagree",0,4,4,0,1.5,0,8,1.5,4,4,8,4,4,8,1.5,1.5,"strongly agree/agree","strongly agree/agree"
"471","mom",6,"strongly agree/agree",8,8,4,4,18,1.5,0,1.5,4,4,1.5,0,1.5,0,8,1.5,"strongly agree/agree","strongly agree/agree"
"472","dad",4,"strongly agree/agree",0,1.5,1.5,1.5,1.5,0,4,1.5,1.5,4,4,4,4,4,8,4,"strongly agree/agree","strongly agree/agree"
"473","dad",3,"strongly agree/agree",1.5,4,4,1.5,1.5,0,4,0,1.5,8,4,4,4,4,1.5,0,"strongly disagree/disagree","strongly disagree/disagree"
"474","dad",4,"neither agree nor disagree",1.5,1.5,1.5,1.5,1.5,0,1.5,0,4,8,13,4,8,4,4,4,"strongly disagree/disagree","strongly disagree/disagree"
"475","dad",3,"strongly agree/agree",0,1.5,0,1.5,0,4,4,4,4,1.5,8,1.5,0,0,0,1.5,"strongly agree/agree","strongly agree/agree"
"476","mom",3,"strongly agree/agree",1.5,1.5,8,1.5,0,0,1.5,4,1.5,1.5,0,0,0,1.5,4,4,"strongly agree/agree","strongly agree/agree"
"477","mom",6,"strongly agree/agree",1.5,1.5,1.5,1.5,1.5,1.5,0,1.5,1.5,1.5,1.5,4,1.5,0,4,0,"strongly agree/agree","strongly agree/agree"
"478","dad",5,"neither agree nor disagree",1.5,1.5,1.5,0,0,1.5,4,8,4,8,8,4,4,8,0,4,"strongly agree/agree","strongly agree/agree"
"479","mom",4,"strongly agree/agree",1.5,1.5,4,1.5,1.5,0,1.5,0,1.5,1.5,1.5,1.5,1.5,4,1.5,4,"strongly agree/agree","strongly agree/agree"
"480","dad",4,"strongly agree/agree",1.5,1.5,1.5,4,1.5,1.5,4,0,4,1.5,8,1.5,4,1.5,0,0,"strongly agree/agree","strongly agree/agree"
"481","mom",2,"strongly agree/agree",4,1.5,4,1.5,0,1.5,1.5,0,1.5,1.5,0,1.5,0,0,1.5,0,"strongly agree/agree","strongly agree/agree"
"482","mom",NA,"strongly agree/agree",4,1.5,8,1.5,4,1.5,1.5,1.5,4,4,8,1.5,4,1.5,1.5,1.5,"strongly agree/agree","strongly agree/agree"
"483","dad",3,"strongly agree/agree",4,1.5,13,4,8,4,8,1.5,4,1.5,8,4,13,4,1.5,1.5,"strongly agree/agree","strongly agree/agree"
"484","mom",3,"strongly agree/agree",1.5,1.5,4,8,8,4,0,1.5,1.5,4,4,1.5,1.5,4,4,1.5,"strongly agree/agree","strongly agree/agree"
"485","dad",3,"strongly agree/agree",4,1.5,4,1.5,4,1.5,4,4,4,4,4,1.5,1.5,13,0,4,"strongly agree/agree","strongly agree/agree"
"486","mom",NA,"strongly agree/agree",4,1.5,8,1.5,1.5,4,1.5,4,NA,NA,NA,NA,NA,NA,NA,NA,NA,NA
"487","dad",3,"strongly agree/agree",1.5,0,4,4,1.5,4,0,0,4,1.5,8,0,4,8,0,0,"strongly agree/agree","strongly agree/agree"
"488","mom",2,"strongly agree/agree",1.5,1.5,4,1.5,4,4,4,1.5,1.5,0,1.5,8,1.5,1.5,1.5,1.5,"strongly agree/agree","strongly agree/agree"
"489","dad",5,"strongly agree/agree",1.5,0,0,1.5,1.5,0,1.5,1.5,4,8,13,8,4,4,1.5,4,"strongly agree/agree","strongly agree/agree"
"490","mom",2,"strongly agree/agree",4,8,8,8,4,4,1.5,4,1.5,0,1.5,0,0,0,1.5,1.5,"strongly agree/agree","strongly agree/agree"
"491","dad",3,"strongly agree/agree",4,4,4,4,4,4,8,4,4,4,4,4,4,8,1.5,4,"strongly disagree/disagree","strongly agree/agree"
"492","mom",3,"strongly agree/agree",4,1.5,8,1.5,4,4,4,4,4,1.5,1.5,1.5,1.5,1.5,4,1.5,"strongly agree/agree","strongly agree/agree"
"493","dad",4,"strongly agree/agree",1.5,1.5,4,4,4,1.5,1.5,0,1.5,4,1.5,1.5,1.5,0,1.5,0,"strongly agree/agree","strongly agree/agree"
"494","mom",6,"strongly agree/agree",4,8,4,1.5,4,1.5,4,0,1.5,1.5,4,4,1.5,4,1.5,0,"strongly agree/agree","strongly agree/agree"
"495","dad",4,"strongly agree/agree",1.5,1.5,1.5,4,1.5,1.5,1.5,1.5,4,4,1.5,1.5,4,4,4,4,"strongly agree/agree","strongly agree/agree"
"496","dad",4,"strongly agree/agree",0,4,1.5,4,1.5,0,4,8,4,4,4,4,4,4,1.5,8,"strongly agree/agree","strongly agree/agree"
"497","mom",6,"strongly agree/agree",1.5,1.5,4,1.5,4,1.5,1.5,1.5,0,0,1.5,1.5,0,0,1.5,1.5,"strongly agree/agree","neither agree nor disagree"
"498","dad",4,"strongly agree/agree",1.5,1.5,4,1.5,1.5,1.5,0,1.5,4,4,1.5,1.5,1.5,1.5,0,4,"strongly agree/agree","strongly agree/agree"
"499","mom",3,"strongly agree/agree",4,4,8,4,4,1.5,0,4,1.5,1.5,4,1.5,4,0,0,1.5,"strongly agree/agree","strongly agree/agree"
"500","dad",3,"strongly agree/agree",8,4,8,8,8,0,13,8,0,13,1.5,0,8,4,0,13,"strongly agree/agree","strongly disagree/disagree"
"501","mom",3,"strongly agree/agree",1.5,13,1.5,1.5,4,4,0,1.5,1.5,4,1.5,4,1.5,0,1.5,1.5,"strongly agree/agree","strongly disagree/disagree"
"502","dad",6,"strongly agree/agree",1.5,0,1.5,1.5,1.5,0,4,0,4,8,4,4,4,8,1.5,4,"strongly agree/agree","strongly agree/agree"
"503","mom",3,"strongly agree/agree",1.5,1.5,4,1.5,1.5,1.5,4,0,0,0,0,1.5,0,0,1.5,0,"strongly agree/agree","strongly agree/agree"
"504","dad",6,"strongly agree/agree",1.5,1.5,1.5,4,8,4,4,1.5,4,8,8,8,8,4,1.5,1.5,"strongly agree/agree","strongly agree/agree"
"505","mom",6,"strongly agree/agree",1.5,1.5,1.5,1.5,1.5,1.5,0,1.5,4,4,8,4,4,4,4,4,"strongly agree/agree","strongly agree/agree"
"506","dad",5,"strongly disagree/disagree",0,0,0,0,0,0,0,4,8,13,13,4,8,4,4,13,"strongly agree/agree","strongly agree/agree"
"507","mom",NA,"strongly agree/agree",1.5,1.5,8,4,8,1.5,0,4,0,0,0,0,0,0,0,1.5,"strongly disagree/disagree","strongly agree/agree"
"508","dad",6,"strongly agree/agree",4,8,8,8,4,1.5,1.5,1.5,1.5,1.5,0,0,4,4,1.5,1.5,"strongly agree/agree","strongly agree/agree"
"509","mom",3,"strongly agree/agree",1.5,1.5,1.5,1.5,4,4,1.5,1.5,4,1.5,13,8,1.5,0,1.5,1.5,"strongly agree/agree","strongly agree/agree"
"510","dad",4,"strongly agree/agree",1.5,1.5,8,4,1.5,4,4,0,1.5,4,8,4,8,0,1.5,0,"strongly agree/agree","neither agree nor disagree"
"511","dad",3,"neither agree nor disagree",4,4,4,8,4,4,1.5,1.5,8,4,8,4,13,8,4,4,"strongly disagree/disagree","strongly disagree/disagree"
"512","dad",6,"strongly agree/agree",4,4,8,8,8,4,1.5,1.5,1.5,1.5,1.5,0,0,1.5,1.5,4,"strongly agree/agree","strongly agree/agree"
"513","mom",NA,"strongly agree/agree",1.5,1.5,1.5,0,1.5,1.5,0,1.5,1.5,4,8,1.5,4,1.5,1.5,0,"strongly agree/agree","strongly agree/agree"
"514","dad",6,"strongly agree/agree",1.5,1.5,4,8,1.5,1.5,1.5,0,4,4,8,8,1.5,4,1.5,4,"strongly agree/agree","strongly agree/agree"
"515","mom",3,"strongly agree/agree",1.5,1.5,8,8,1.5,0,0,8,4,4,1.5,8,1.5,0,1.5,1.5,"strongly disagree/disagree","strongly agree/agree"
"516","mom",3,"strongly agree/agree",1.5,1.5,4,1.5,4,4,1.5,4,1.5,1.5,1.5,4,4,4,1.5,4,"strongly agree/agree","strongly agree/agree"
"517","dad",6,"strongly agree/agree",0,0,1.5,1.5,1.5,0,4,0,1.5,1.5,4,1.5,4,4,1.5,8,"strongly agree/agree","strongly agree/agree"
"518","dad",4,"strongly agree/agree",0,1.5,0,1.5,0,1.5,4,1.5,4,1.5,4,1.5,1.5,4,4,1.5,"strongly agree/agree","strongly agree/agree"
"519","mom",NA,"strongly agree/agree",1.5,1.5,1.5,1.5,4,1.5,0,1.5,NA,NA,NA,NA,NA,NA,NA,NA,NA,NA
"520","mom",5,"strongly agree/agree",NA,4,4,1.5,4,4,4,4,NA,NA,NA,NA,NA,NA,NA,NA,NA,NA
"521","dad",4,"strongly agree/agree",1.5,1.5,0,1.5,1.5,4,1.5,1.5,1.5,1.5,4,1.5,1.5,4,0,4,"strongly agree/agree","strongly agree/agree"
"522","dad",3,"strongly agree/agree",1.5,1.5,4,1.5,0,0,4,1.5,0,1.5,1.5,1.5,0,0,1.5,1.5,NA,NA
"523","mom",3,"strongly agree/agree",0,4,4,1.5,0,0,4,1.5,1.5,1.5,4,1.5,0,0,1.5,0,"strongly agree/agree","strongly agree/agree"
"524","dad",4,"strongly agree/agree",1.5,0,1.5,0,0,0,1.5,1.5,4,4,8,4,1.5,1.5,0,1.5,"neither agree nor disagree","strongly agree/agree"
"525","dad",3,"strongly agree/agree",1.5,0,4,1.5,1.5,0,4,0,0,0,0,0,0,1.5,0,0,"strongly disagree/disagree","strongly agree/agree"
"526","mom",3,"strongly agree/agree",0,0,1.5,1.5,0,1.5,0,0,1.5,0,1.5,1.5,1.5,1.5,1.5,0,"strongly agree/agree","strongly agree/agree"
"527","dad",3,"strongly agree/agree",NA,1.5,13,4,4,1.5,4,0,1.5,4,4,1.5,1.5,1.5,1.5,1.5,"strongly agree/agree","strongly agree/agree"
"528","mom",6,"strongly agree/agree",1.5,1.5,1.5,1.5,1.5,4,0,4,1.5,0,0,1.5,8,1.5,0,4,"strongly agree/agree","strongly agree/agree"
"529","dad",3,"strongly agree/agree",1.5,1.5,1.5,1.5,0,0,4,1.5,0,1.5,4,1.5,0,0,0,1.5,"strongly agree/agree","strongly agree/agree"
"530","mom",6,"strongly agree/agree",4,4,8,1.5,1.5,0,0,1.5,4,4,4,1.5,0,0,4,1.5,"strongly agree/agree","strongly agree/agree"
"531","mom",NA,"strongly agree/agree",1.5,1.5,8,4,4,4,1.5,4,NA,NA,NA,NA,NA,NA,NA,NA,NA,NA
"532","dad",4,"strongly agree/agree",1.5,1.5,4,1.5,4,1.5,8,1.5,1.5,1.5,4,1.5,1.5,1.5,1.5,1.5,"strongly agree/agree","strongly agree/agree"
"533","mom",2,"strongly agree/agree",1.5,1.5,4,1.5,4,4,1.5,0,1.5,1.5,1.5,1.5,1.5,1.5,4,0,"strongly agree/agree","strongly agree/agree"
"534","mom",3,"strongly agree/agree",8,4,8,13,8,4,1.5,8,4,13,4,4,0,0,0,8,"strongly agree/agree","strongly agree/agree"
"535","dad",4,"strongly agree/agree",4,1.5,1.5,4,4,1.5,4,0,4,13,8,4,8,4,1.5,1.5,"strongly agree/agree","strongly agree/agree"
"536","mom",3,"strongly agree/agree",4,1.5,1.5,0,4,4,0,1.5,0,1.5,4,0,0,1.5,1.5,1.5,"strongly agree/agree","neither agree nor disagree"
"537","dad",3,"strongly agree/agree",4,4,1.5,0,1.5,8,1.5,1.5,1.5,4,8,8,1.5,1.5,1.5,4,"strongly agree/agree","strongly agree/agree"
"538","mom",3,"strongly agree/agree",4,8,8,4,1.5,1.5,1.5,4,1.5,1.5,1.5,0,0,8,1.5,1.5,"strongly disagree/disagree","strongly disagree/disagree"
"539","dad",4,"strongly agree/agree",1.5,1.5,8,8,1.5,NA,8,4,8,4,1.5,4,8,8,8,8,"strongly agree/agree","strongly agree/agree"
"540","mom",6,"strongly agree/agree",8,8,8,4,13,8,8,8,4,1.5,13,8,4,4,8,8,"strongly agree/agree","strongly agree/agree"
"541","dad",3,"strongly agree/agree",1.5,1.5,1.5,1.5,0,0,4,1.5,4,4,NA,4,4,4,4,4,"strongly agree/agree","strongly agree/agree"
"542","dad",6,"strongly agree/agree",0,1.5,0,1.5,1.5,1.5,1.5,1.5,1.5,1.5,4,1.5,1.5,1.5,0,1.5,"strongly agree/agree","strongly agree/agree"
"543","mom",3,"strongly disagree/disagree",4,1.5,8,8,8,8,8,1.5,4,1.5,8,8,8,0,8,1.5,"strongly agree/agree","strongly agree/agree"
"544","mom",2,"strongly agree/agree",1.5,4,1.5,8,8,4,0,8,1.5,4,13,1.5,1.5,0,8,0,"strongly disagree/disagree","strongly disagree/disagree"
"545","dad",6,"strongly agree/agree",1.5,4,8,1.5,1.5,4,0,4,1.5,4,4,1.5,1.5,4,1.5,1.5,"strongly disagree/disagree","strongly disagree/disagree"
"546","dad",NA,"strongly agree/agree",1.5,1.5,4,1.5,1.5,1.5,4,4,1.5,4,1.5,1.5,4,4,1.5,4,"strongly agree/agree","strongly agree/agree"
"547","mom",NA,"strongly agree/agree",1.5,8,1.5,1.5,4,4,0,4,NA,NA,NA,NA,NA,NA,NA,NA,NA,NA
"548","dad",3,"strongly agree/agree",0,1.5,1.5,1.5,1.5,1.5,1.5,1.5,1.5,1.5,4,1.5,1.5,1.5,0,1.5,"neither agree nor disagree","strongly agree/agree"
"549","mom",3,"strongly agree/agree",1.5,0,4,4,4,1.5,1.5,1.5,1.5,1.5,1.5,1.5,1.5,0,4,1.5,"strongly agree/agree","strongly agree/agree"
"550","dad",4,"strongly agree/agree",1.5,1.5,8,4,13,13,8,1.5,1.5,1.5,1.5,0,4,1.5,1.5,1.5,"strongly agree/agree","strongly agree/agree"
"551","mom",3,"strongly agree/agree",1.5,4,4,4,4,4,4,8,1.5,1.5,4,8,4,4,4,1.5,"strongly agree/agree","strongly agree/agree"
"552","dad",6,"strongly agree/agree",1.5,1.5,1.5,4,4,0,4,1.5,4,4,8,8,4,8,1.5,1.5,"neither agree nor disagree","strongly agree/agree"
"553","mom",2,"strongly agree/agree",4,1.5,4,4,4,4,4,4,1.5,1.5,0,0,0,0,1.5,0,"strongly agree/agree","strongly agree/agree"
"554","dad",5,"strongly agree/agree",8,4,8,8,0,1.5,1.5,4,8,1.5,8,8,8,4,1.5,1.5,"strongly agree/agree","strongly agree/agree"
"555","mom",NA,"strongly agree/agree",4,8,13,8,8,8,1.5,4,4,8,1.5,0,0,1.5,0,0,"strongly agree/agree","strongly agree/agree"
"556","mom",NA,"strongly agree/agree",1.5,4,8,1.5,1.5,1.5,1.5,0,NA,NA,NA,NA,NA,NA,NA,NA,NA,NA
"557","dad",4,"strongly agree/agree",1.5,1.5,1.5,1.5,4,1.5,8,4,4,8,8,4,8,4,8,4,"strongly agree/agree","strongly agree/agree"
"558","dad",2,"strongly agree/agree",1.5,1.5,8,4,1.5,4,1.5,1.5,1.5,1.5,8,0,1.5,1.5,0,1.5,"strongly agree/agree","strongly agree/agree"
"559","mom",3,"strongly agree/agree",1.5,1.5,8,0,0,1.5,1.5,0,1.5,1.5,1.5,4,0,1.5,1.5,0,"strongly agree/agree","strongly agree/agree"
"560","dad",4,"strongly agree/agree",1.5,1.5,1.5,1.5,1.5,0,4,1.5,4,4,4,4,4,8,8,4,"strongly agree/agree","strongly agree/agree"
"561","mom",NA,"strongly agree/agree",4,1.5,8,4,8,8,8,1.5,1.5,0,1.5,1.5,0,0,8,1.5,"strongly agree/agree","strongly agree/agree"
"562","dad",4,"strongly agree/agree",1.5,1.5,1.5,1.5,1.5,0,0,4,4,4,8,4,1.5,1.5,0,1.5,"strongly disagree/disagree","strongly agree/agree"
"563","dad",5,"strongly agree/agree",0,0,1.5,1.5,1.5,1.5,4,0,4,4,13,1.5,13,8,8,13,"strongly agree/agree","strongly agree/agree"
"564","mom",2,"strongly agree/agree",4,0,8,1.5,8,4,4,4,0,0,0,0,0,0,1.5,0,"strongly agree/agree","strongly agree/agree"
"565","dad",3,"strongly agree/agree",4,1.5,4,4,4,4,4,1.5,4,1.5,4,4,4,8,4,1.5,"strongly agree/agree","strongly agree/agree"
"566","dad",3,"strongly agree/agree",1.5,4,8,8,1.5,4,4,1.5,4,4,8,8,4,4,4,1.5,"strongly agree/agree","strongly agree/agree"
"567","mom",6,"strongly agree/agree",1.5,1.5,8,4,1.5,4,4,1.5,1.5,1.5,4,4,1.5,4,4,0,"strongly agree/agree","strongly agree/agree"
"568","dad",4,"strongly agree/agree",1.5,0,1.5,1.5,1.5,0,1.5,1.5,4,4,8,4,8,4,1.5,4,"strongly agree/agree","strongly agree/agree"
"569","dad",4,"strongly agree/agree",1.5,4,1.5,4,4,1.5,4,4,4,8,8,1.5,4,4,4,8,"strongly agree/agree","strongly agree/agree"
"570","dad",4,"strongly agree/agree",1.5,1.5,1.5,1.5,1.5,0,1.5,1.5,8,8,4,8,4,4,1.5,1.5,"strongly disagree/disagree","strongly disagree/disagree"
"571","dad",6,"strongly agree/agree",0,1.5,0,4,1.5,0,1.5,0,4,4,4,1.5,4,4,0,0,"strongly agree/agree","strongly agree/agree"
"572","dad",4,"strongly agree/agree",1.5,4,1.5,8,4,1.5,4,1.5,4,4,8,0,8,8,1.5,4,NA,NA
"573","mom",NA,"strongly agree/agree",4,4,8,8,8,8,8,13,NA,NA,NA,NA,NA,NA,NA,NA,NA,NA
"574","dad",6,"strongly agree/agree",4,8,4,4,4,1.5,8,13,1.5,8,8,1.5,0,1.5,0,4,"strongly agree/agree","strongly agree/agree"
"575","mom",3,"strongly agree/agree",1.5,4,4,0,0,0,0,4,1.5,4,1.5,4,1.5,1.5,4,8,"strongly agree/agree","strongly agree/agree"
"576","dad",6,"strongly agree/agree",0,1.5,0,4,0,0,4,1.5,1.5,1.5,4,1.5,1.5,0,0,4,"strongly agree/agree","strongly agree/agree"
"577","mom",3,"strongly agree/agree",4,4,8,4,4,1.5,1.5,4,1.5,NA,NA,1.5,NA,NA,NA,NA,"strongly agree/agree","strongly agree/agree"
"578","dad",6,"strongly agree/agree",4,1.5,13,4,0,0,1.5,1.5,4,1.5,4,4,1.5,0,4,1.5,"neither agree nor disagree","strongly agree/agree"
"579","dad",3,"strongly agree/agree",1.5,4,4,1.5,1.5,1.5,0,4,1.5,4,1.5,1.5,4,0,0,1.5,"strongly agree/agree","strongly agree/agree"
"580","mom",6,"strongly agree/agree",1.5,4,8,1.5,4,4,1.5,4,1.5,1.5,1.5,4,4,0,8,1.5,"strongly agree/agree","strongly agree/agree"
"581","dad",4,"strongly agree/agree",1.5,1.5,1.5,1.5,0,0,4,0,8,8,4,1.5,0,0,0,4,"strongly agree/agree","strongly agree/agree"
"582","mom",2,"strongly agree/agree",4,13,4,4,1.5,1.5,1.5,1.5,0,1.5,1.5,1.5,0,0,1.5,1.5,"neither agree nor disagree","strongly agree/agree"
"583","dad",3,"strongly agree/agree",1.5,4,1.5,1.5,4,0,4,1.5,4,13,13,1.5,8,8,1.5,13,"neither agree nor disagree","neither agree nor disagree"
"584","mom",6,"neither agree nor disagree",4,4,4,1.5,4,1.5,4,1.5,1.5,1.5,1.5,1.5,1.5,0,4,1.5,"strongly agree/agree","strongly agree/agree"
"585","dad",6,"strongly agree/agree",4,4,0,4,1.5,0,4,4,8,4,13,4,8,8,1.5,4,"strongly agree/agree","strongly agree/agree"
"586","mom",3,"strongly agree/agree",4,4,8,4,4,8,1.5,1.5,0,1.5,0,1.5,0,0,4,1.5,"strongly disagree/disagree","strongly agree/agree"
"587","dad",6,"strongly agree/agree",1.5,1.5,4,1.5,1.5,0,1.5,1.5,1.5,4,1.5,4,1.5,0,1.5,1.5,"strongly agree/agree","strongly agree/agree"
"588","dad",4,"strongly agree/agree",1.5,4,1.5,1.5,4,0,4,8,1.5,4,8,4,4,4,0,8,"strongly agree/agree","strongly agree/agree"
"589","dad",4,"strongly agree/agree",1.5,1.5,4,4,1.5,4,4,1.5,1.5,1.5,4,4,4,1.5,1.5,4,"strongly agree/agree","strongly agree/agree"
"590","mom",2,"strongly agree/agree",1.5,1.5,8,4,4,1.5,8,4,1.5,1.5,1.5,1.5,1.5,4,8,4,"neither agree nor disagree","strongly agree/agree"
"591","dad",3,"strongly agree/agree",4,4,4,1.5,1.5,1.5,13,1.5,1.5,1.5,8,8,8,8,1.5,8,"strongly agree/agree","strongly agree/agree"
"592","mom",3,"strongly agree/agree",0,1.5,8,13,8,4,4,4,1.5,0,1.5,0,0,0,1.5,0,"strongly agree/agree","strongly agree/agree"
"593","dad",4,"strongly agree/agree",1.5,0,0,4,4,0,4,0,1.5,1.5,4,1.5,4,4,0,4,"strongly agree/agree","strongly agree/agree"
"594","mom",2,"strongly agree/agree",8,4,8,1.5,4,8,1.5,8,1.5,1.5,0,4,4,0,4,0,"strongly agree/agree","strongly agree/agree"
"595","mom",6,"strongly agree/agree",1.5,1.5,4,4,1.5,4,1.5,0,1.5,1.5,4,4,1.5,0,1.5,1.5,"strongly agree/agree","strongly agree/agree"
"596","mom",3,"strongly agree/agree",1.5,1.5,4,4,4,4,1.5,1.5,1.5,0,0,0,0,0,0,0,"strongly agree/agree","strongly agree/agree"
"597","dad",3,"strongly agree/agree",0,1.5,0,1.5,1.5,0,0,1.5,1.5,4,4,1.5,4,4,1.5,4,"strongly agree/agree","strongly agree/agree"
"598","dad",4,"strongly agree/agree",4,1.5,8,0,0,0,1.5,1.5,0,8,1.5,4,4,4,0,1.5,"strongly agree/agree","neither agree nor disagree"
"599","dad",4,"strongly agree/agree",1.5,1.5,1.5,1.5,1.5,4,4,1.5,1.5,4,8,4,8,1.5,4,8,"strongly agree/agree","strongly agree/agree"
"600","dad",6,"neither agree nor disagree",0,4,0,4,1.5,0,1.5,0,4,4,13,1.5,1.5,1.5,1.5,0,"strongly agree/agree","strongly agree/agree"
"601","dad",4,"neither agree nor disagree",1.5,4,1.5,4,1.5,0,1.5,1.5,4,1.5,8,4,1.5,4,1.5,1.5,"strongly agree/agree","strongly agree/agree"
"602","mom",2,"strongly agree/agree",4,4,8,4,1.5,8,4,4,1.5,8,0,8,0,0,1.5,4,"strongly agree/agree","strongly agree/agree"
"603","dad",3,"strongly agree/agree",13,8,8,8,13,13,8,8,1.5,4,4,1.5,0,0,0,4,"strongly disagree/disagree","strongly disagree/disagree"
"604","dad",5,"strongly agree/agree",4,4,1.5,1.5,1.5,1.5,4,4,8,8,8,1.5,1.5,4,1.5,4,"strongly agree/agree","strongly agree/agree"
"605","dad",4,"strongly agree/agree",1.5,1.5,8,8,8,4,8,13,8,8,1.5,1.5,13,NA,8,1.5,"strongly agree/agree","strongly disagree/disagree"
"606","mom",3,"strongly agree/agree",4,8,8,4,13,4,4,8,4,1.5,1.5,1.5,4,4,4,4,"strongly disagree/disagree","strongly agree/agree"
"607","dad",3,"strongly agree/agree",1.5,4,0,4,1.5,1.5,1.5,1.5,4,4,8,1.5,4,8,1.5,4,"strongly agree/agree","strongly agree/agree"
"608","dad",4,"strongly agree/agree",1.5,1.5,1.5,0,4,0,4,13,4,4,8,4,4,8,1.5,4,"strongly agree/agree","strongly agree/agree"
"609","mom",1,"strongly agree/agree",1.5,8,8,8,13,8,1.5,4,0,1.5,1.5,0,0,0,1.5,1.5,"strongly agree/agree","strongly agree/agree"
"610","mom",3,"strongly agree/agree",4,4,4,4,4,4,4,8,0,1.5,0,1.5,0,4,1.5,1.5,"strongly disagree/disagree","strongly disagree/disagree"
"611","dad",4,"strongly agree/agree",0,4,4,8,1.5,4,8,4,1.5,8,4,1.5,4,4,1.5,4,"strongly agree/agree","strongly agree/agree"
"612","dad",6,"strongly agree/agree",0,4,0,1.5,1.5,1.5,8,8,8,8,8,1.5,4,8,1.5,4,"strongly agree/agree","strongly agree/agree"
"613","dad",NA,"strongly agree/agree",1.5,1.5,1.5,1.5,4,0,8,4,4,4,4,1.5,4,4,8,1.5,"strongly agree/agree","strongly agree/agree"
"614","mom",3,"strongly agree/agree",8,4,8,8,4,4,1.5,4,0,0,1.5,1.5,1.5,0,1.5,4,"strongly agree/agree","strongly agree/agree"
"615","dad",3,"strongly agree/agree",1.5,4,4,4,1.5,0,1.5,8,1.5,1.5,4,4,4,4,0,1.5,"neither agree nor disagree","neither agree nor disagree"
"616","dad",4,"strongly agree/agree",1.5,4,1.5,0,4,1.5,4,4,4,4,13,4,13,8,4,8,"neither agree nor disagree","strongly agree/agree"
"617","dad",3,"strongly agree/agree",1.5,1.5,1.5,4,1.5,1.5,4,0,4,1.5,4,1.5,1.5,1.5,1.5,1.5,"neither agree nor disagree","strongly agree/agree"
"618","mom",3,"strongly agree/agree",8,4,8,4,8,4,4,4,4,1.5,1.5,1.5,0,1.5,4,1.5,"strongly agree/agree","strongly agree/agree"
"619","dad",3,"strongly agree/agree",1.5,1.5,4,4,1.5,0,4,8,1.5,8,4,1.5,4,8,0,13,"strongly agree/agree","strongly agree/agree"
"620","mom",NA,"strongly agree/agree",4,4,4,4,4,4,4,1.5,NA,NA,NA,NA,NA,NA,NA,NA,NA,NA
"621","dad",3,"strongly agree/agree",1.5,4,1.5,4,1.5,4,1.5,1.5,1.5,4,8,1.5,4,0,0,4,"neither agree nor disagree","strongly disagree/disagree"
"622","mom",3,"strongly agree/agree",1.5,4,4,1.5,4,1.5,0,4,1.5,1.5,1.5,4,0,4,0,1.5,"strongly disagree/disagree","neither agree nor disagree"
"623","dad",3,"strongly agree/agree",1.5,1.5,4,4,1.5,1.5,4,1.5,1.5,1.5,4,1.5,1.5,1.5,1.5,4,"strongly agree/agree","strongly agree/agree"
"624","mom",3,"strongly agree/agree",1.5,4,8,4,1.5,4,1.5,4,1.5,4,8,4,1.5,4,1.5,4,"strongly agree/agree","strongly agree/agree"
"625","dad",6,"strongly agree/agree",1.5,1.5,0,1.5,1.5,0,1.5,1.5,4,4,8,1.5,1.5,4,1.5,1.5,"strongly agree/agree","strongly agree/agree"
"626","mom",NA,"strongly agree/agree",4,1.5,4,1.5,4,4,1.5,1.5,NA,NA,NA,NA,NA,NA,NA,NA,NA,NA
"627","mom",NA,"strongly agree/agree",4,1.5,4,1.5,4,1.5,1.5,1.5,NA,NA,NA,NA,NA,NA,NA,NA,NA,NA
"628","dad",4,"strongly agree/agree",1.5,1.5,1.5,8,8,1.5,4,1.5,4,4,13,4,8,13,1.5,1.5,"neither agree nor disagree","strongly agree/agree"
"629","dad",4,"strongly agree/agree",0,0,1.5,0,0,0,1.5,4,4,8,4,1.5,4,8,1.5,4,"strongly agree/agree","strongly agree/agree"
"630","mom",3,"strongly agree/agree",8,21,13,4,8,13,8,8,0,4,0,0,0,0,4,8,"neither agree nor disagree","strongly agree/agree"
"631","dad",4,"strongly agree/agree",1.5,4,1.5,4,4,0,8,8,4,8,8,4,4,4,4,1.5,"strongly agree/agree","strongly agree/agree"
"632","dad",4,"strongly agree/agree",0,1.5,1.5,1.5,1.5,0,1.5,1.5,1.5,4,4,1.5,4,1.5,1.5,4,"strongly agree/agree","strongly agree/agree"
"633","dad",3,"strongly agree/agree",1.5,4,4,8,4,1.5,4,4,4,4,8,1.5,4,4,0,8,"neither agree nor disagree","strongly agree/agree"
"634","dad",3,"strongly agree/agree",4,8,8,4,4,8,0,4,4,1.5,1.5,4,8,1.5,1.5,1.5,"strongly agree/agree","strongly agree/agree"
"635","mom",3,"strongly agree/agree",4,8,8,1.5,4,8,0,1.5,8,8,8,1.5,8,1.5,8,8,"strongly agree/agree","strongly agree/agree"
"636","mom",2,"strongly agree/agree",4,8,8,4,4,4,4,4,1.5,1.5,1.5,1.5,1.5,0,1.5,1.5,"strongly agree/agree","strongly agree/agree"
